peptide_id,product_ion_pair_index,precursor_mz,product_mz,is_heavy
PDAC0008,0,798.36005,966.4759,FALSE
PDAC0008,1,798.36005,1210.596,FALSE
PDAC0008,2,798.36005,1472.6759,FALSE
PDAC0008,0,800.36676,972.496,TRUE
PDAC0008,1,800.36676,1216.596,TRUE
PDAC0008,2,800.36676,1478.696,TRUE
PDAC0001,0,525.21857,362.17587,FALSE
PDAC0001,1,525.21857,449.296,FALSE
PDAC0001,2,525.21857,506.27588,FALSE
PDAC0001,0,528.22864,368.196,TRUE
PDAC0001,1,528.22864,455.296,TRUE
PDAC0001,2,528.22864,512.296,TRUE
PDAC0139,0,560.8111,619.2759,FALSE
PDAC0139,1,560.8111,732.37585,FALSE
PDAC0139,2,560.8111,831.4759,FALSE
PDAC0139,0,563.82117,625.296,TRUE
PDAC0139,1,563.82117,738.396,TRUE
PDAC0139,2,563.82117,837.496,TRUE
PDAC0028,0,704.3593,517.396,FALSE
PDAC0028,1,704.3593,631.37585,FALSE
PDAC0028,2,704.3593,718.37585,FALSE
PDAC0028,0,707.3694,523.396,TRUE
PDAC0028,1,707.3694,637.396,TRUE
PDAC0028,2,707.3694,724.396,TRUE
PDAC0174,0,550.93713,473.27588,FALSE
PDAC0174,1,550.93713,586.37585,FALSE
PDAC0174,2,550.93713,657.37585,FALSE
PDAC0174,0,552.94385,479.296,TRUE
PDAC0174,1,552.94385,592.396,TRUE
PDAC0174,2,552.94385,663.396,TRUE
PDAC0185,0,718.34503,517.37585,FALSE
PDAC0185,1,718.34503,646.37585,FALSE
PDAC0185,2,718.34503,774.4759,FALSE
PDAC0185,0,721.3551,523.396,TRUE
PDAC0185,1,721.3551,652.396,TRUE
PDAC0185,2,721.3551,780.496,TRUE
PDAC0009,0,595.79443,315.27588,FALSE
PDAC0009,1,595.79443,652.37585,FALSE
PDAC0009,2,595.79443,749.37585,FALSE
PDAC0009,0,598.8045,321.296,TRUE
PDAC0009,1,598.8045,658.396,TRUE
PDAC0009,2,598.8045,755.396,TRUE
PDAC0156,0,356.51245,413.17587,FALSE
PDAC0156,1,356.51245,512.2759,FALSE
PDAC0156,2,356.51245,626.296,FALSE
PDAC0156,0,358.51917,419.196,TRUE
PDAC0156,1,358.51917,518.296,TRUE
PDAC0156,2,358.51917,632.296,TRUE
PDAC0165,0,916.9416,533.2759,FALSE
PDAC0165,1,916.9416,604.37585,FALSE
PDAC0165,2,916.9416,705.37585,FALSE
PDAC0165,0,919.95166,539.296,TRUE
PDAC0165,1,919.95166,610.396,TRUE
PDAC0165,2,919.95166,711.396,TRUE
PDAC0181,0,458.74033,234.17587,FALSE
PDAC0181,1,458.74033,291.17587,FALSE
PDAC0181,2,458.74033,390.27588,FALSE
PDAC0181,0,461.7504,240.196,TRUE
PDAC0181,1,461.7504,297.196,TRUE
PDAC0181,2,461.7504,396.296,TRUE
PDAC0125,0,540.5986,303.17587,FALSE
PDAC0125,1,540.5986,489.27588,FALSE
PDAC0125,2,540.5986,652.396,FALSE
PDAC0125,0,542.6053,309.196,TRUE
PDAC0125,1,542.6053,495.296,TRUE
PDAC0125,2,542.6053,658.396,TRUE
PDAC0159,0,485.782,357.27588,FALSE
PDAC0159,1,485.782,685.396,FALSE
PDAC0159,2,485.782,800.4759,FALSE
PDAC0159,0,488.79205,363.296,TRUE
PDAC0159,1,488.79205,691.396,TRUE
PDAC0159,2,488.79205,806.496,TRUE
PDAC0143,0,498.29782,542.2759,FALSE
PDAC0143,1,498.29782,599.2759,FALSE
PDAC0143,2,498.29782,712.37585,FALSE
PDAC0143,0,501.3079,548.296,TRUE
PDAC0143,1,501.3079,605.296,TRUE
PDAC0143,2,501.3079,718.396,TRUE
PDAC0105,0,687.84656,333.17587,FALSE
PDAC0105,1,687.84656,404.17587,FALSE
PDAC0105,2,687.84656,475.27588,FALSE
PDAC0105,0,690.8566,339.196,TRUE
PDAC0105,1,690.8566,410.196,TRUE
PDAC0105,2,690.8566,481.296,TRUE
PDAC0058,0,838.9357,319.196,FALSE
PDAC0058,1,838.9357,529.2759,FALSE
PDAC0058,2,838.9357,692.37585,FALSE
PDAC0058,0,841.9458,325.196,TRUE
PDAC0058,1,841.9458,535.296,TRUE
PDAC0058,2,841.9458,698.396,TRUE
PDAC0157,0,471.27997,417.27588,FALSE
PDAC0157,1,471.27997,516.37585,FALSE
PDAC0157,2,471.27997,672.37585,FALSE
PDAC0157,0,474.29004,423.296,TRUE
PDAC0157,1,474.29004,522.396,TRUE
PDAC0157,2,474.29004,678.396,TRUE
PDAC0051,0,770.3517,439.196,FALSE
PDAC0051,1,770.3517,609.2759,FALSE
PDAC0051,2,770.3517,724.37585,FALSE
PDAC0051,0,773.36176,445.196,TRUE
PDAC0051,1,773.36176,615.296,TRUE
PDAC0051,2,773.36176,730.396,TRUE
PDAC0023,0,496.23816,475.396,FALSE
PDAC0023,1,496.23816,704.396,FALSE
PDAC0023,2,496.23816,805.4759,FALSE
PDAC0023,0,499.24823,481.396,TRUE
PDAC0023,1,499.24823,710.396,TRUE
PDAC0023,2,499.24823,811.496,TRUE
PDAC0199,0,547.77185,446.296,FALSE
PDAC0199,1,547.77185,676.37585,FALSE
PDAC0199,2,547.77185,775.37585,FALSE
PDAC0199,0,550.7819,452.296,TRUE
PDAC0199,1,550.7819,682.396,TRUE
PDAC0199,2,550.7819,781.396,TRUE
PDAC0120,0,620.3326,601.37585,FALSE
PDAC0120,1,620.3326,672.37585,FALSE
PDAC0120,2,620.3326,785.4759,FALSE
PDAC0120,0,623.34265,607.396,TRUE
PDAC0120,1,623.34265,678.396,TRUE
PDAC0120,2,623.34265,791.496,TRUE
PDAC0122,0,556.3215,574.37585,FALSE
PDAC0122,1,556.3215,687.4759,FALSE
PDAC0122,2,556.3215,786.4759,FALSE
PDAC0122,0,559.33154,580.396,TRUE
PDAC0122,1,559.33154,693.496,TRUE
PDAC0122,2,559.33154,792.496,TRUE
PDAC0169,0,430.2478,418.27588,FALSE
PDAC0169,1,430.2478,532.37585,FALSE
PDAC0169,2,430.2478,645.4759,FALSE
PDAC0169,0,433.25787,424.296,TRUE
PDAC0169,1,433.25787,538.396,TRUE
PDAC0169,2,433.25787,651.496,TRUE
PDAC0078,0,525.7664,537.2759,FALSE
PDAC0078,1,525.7664,650.37585,FALSE
PDAC0078,2,525.7664,749.4759,FALSE
PDAC0078,0,528.7765,543.296,TRUE
PDAC0078,1,528.7765,656.396,TRUE
PDAC0078,2,528.7765,755.496,TRUE
PDAC0118,0,542.25824,670.37585,FALSE
PDAC0118,1,542.25824,785.4759,FALSE
PDAC0118,2,542.25824,914.4759,FALSE
PDAC0118,0,544.26495,676.396,TRUE
PDAC0118,1,544.26495,791.496,TRUE
PDAC0118,2,544.26495,920.496,TRUE
PDAC0129,0,761.92737,686.4759,FALSE
PDAC0129,1,761.92737,882.57587,FALSE
PDAC0129,2,761.92737,997.57587,FALSE
PDAC0129,0,764.93744,692.496,TRUE
PDAC0129,1,764.93744,888.596,TRUE
PDAC0129,2,764.93744,1003.596,TRUE
PDAC0153,0,891.45703,419.27588,FALSE
PDAC0153,1,891.45703,749.37585,FALSE
PDAC0153,2,891.45703,917.4759,FALSE
PDAC0153,0,894.4671,425.296,TRUE
PDAC0153,1,894.4671,755.396,TRUE
PDAC0153,2,894.4671,923.496,TRUE
PDAC0090,0,609.27325,374.27588,FALSE
PDAC0090,1,609.27325,489.27588,FALSE
PDAC0090,2,609.27325,716.396,FALSE
PDAC0090,0,612.2833,380.296,TRUE
PDAC0090,1,612.2833,495.296,TRUE
PDAC0090,2,612.2833,722.396,TRUE
PDAC0151,0,446.74234,261.17587,FALSE
PDAC0151,1,446.74234,408.27588,FALSE
PDAC0151,2,446.74234,521.37585,FALSE
PDAC0151,0,449.7524,267.196,TRUE
PDAC0151,1,449.7524,414.296,TRUE
PDAC0151,2,449.7524,527.396,TRUE
PDAC0160,0,635.81934,406.17587,FALSE
PDAC0160,1,635.81934,663.37585,FALSE
PDAC0160,2,635.81934,907.4759,FALSE
PDAC0160,0,638.82935,412.196,TRUE
PDAC0160,1,638.82935,669.396,TRUE
PDAC0160,2,638.82935,913.496,TRUE
PDAC0043,0,883.4701,517.37585,FALSE
PDAC0043,1,883.4701,614.37585,FALSE
PDAC0043,2,883.4701,743.4759,FALSE
PDAC0043,0,886.48016,523.396,TRUE
PDAC0043,1,886.48016,620.396,TRUE
PDAC0043,2,886.48016,749.496,TRUE
PDAC0007,0,705.3106,391.17587,FALSE
PDAC0007,1,705.3106,520.2759,FALSE
PDAC0007,2,705.3106,748.37585,FALSE
PDAC0007,0,707.31726,397.196,TRUE
PDAC0007,1,707.31726,526.296,TRUE
PDAC0007,2,707.31726,754.396,TRUE
PDAC0052,0,454.7398,347.196,FALSE
PDAC0052,1,454.7398,446.27588,FALSE
PDAC0052,2,454.7398,666.37585,FALSE
PDAC0052,0,457.74988,353.196,TRUE
PDAC0052,1,457.74988,452.296,TRUE
PDAC0052,2,457.74988,672.396,TRUE
PDAC0064,0,527.2945,415.27588,FALSE
PDAC0064,1,527.2945,502.27588,FALSE
PDAC0064,2,527.2945,730.37585,FALSE
PDAC0064,0,529.3012,421.296,TRUE
PDAC0064,1,529.3012,508.296,TRUE
PDAC0064,2,529.3012,736.396,TRUE
PDAC0069,0,549.7931,418.17587,FALSE
PDAC0069,1,549.7931,531.2759,FALSE
PDAC0069,2,549.7931,644.37585,FALSE
PDAC0069,0,552.80316,424.196,TRUE
PDAC0069,1,552.80316,537.296,TRUE
PDAC0069,2,552.80316,650.396,TRUE
PDAC0077,0,492.25583,442.27588,FALSE
PDAC0077,1,492.25583,541.37585,FALSE
PDAC0077,2,492.25583,757.496,FALSE
PDAC0077,0,495.26587,448.296,TRUE
PDAC0077,1,495.26587,547.396,TRUE
PDAC0077,2,495.26587,763.496,TRUE
PDAC0168,0,464.2609,486.3759,FALSE
PDAC0168,1,464.2609,557.37585,FALSE
PDAC0168,2,464.2609,670.4759,FALSE
PDAC0168,0,467.27097,492.396,TRUE
PDAC0168,1,467.27097,563.396,TRUE
PDAC0168,2,467.27097,676.496,TRUE
PDAC0107,0,643.9707,496.296,FALSE
PDAC0107,1,643.9707,666.37585,FALSE
PDAC0107,2,643.9707,779.4759,FALSE
PDAC0107,0,645.9774,502.296,TRUE
PDAC0107,1,645.9774,672.396,TRUE
PDAC0107,2,645.9774,785.496,TRUE
PDAC0126,0,944.98254,512.2759,FALSE
PDAC0126,1,944.98254,712.37585,FALSE
PDAC0126,2,944.98254,922.4759,FALSE
PDAC0126,0,947.9926,518.296,TRUE
PDAC0126,1,947.9926,718.396,TRUE
PDAC0126,2,947.9926,928.496,TRUE
PDAC0137,0,541.8082,587.37585,FALSE
PDAC0137,1,541.8082,686.4759,FALSE
PDAC0137,2,541.8082,854.57587,FALSE
PDAC0137,0,544.8183,593.396,TRUE
PDAC0137,1,544.8183,692.496,TRUE
PDAC0137,2,544.8183,860.596,TRUE
PDAC0172,0,631.3304,347.196,FALSE
PDAC0172,1,631.3304,588.37585,FALSE
PDAC0172,2,631.3304,701.4759,FALSE
PDAC0172,0,634.34045,353.196,TRUE
PDAC0172,1,634.34045,594.396,TRUE
PDAC0172,2,634.34045,707.496,TRUE
PDAC0087,0,404.7136,433.27588,FALSE
PDAC0087,1,404.7136,548.2759,FALSE
PDAC0087,2,404.7136,661.37585,FALSE
PDAC0087,0,407.72366,439.296,TRUE
PDAC0087,1,407.72366,554.296,TRUE
PDAC0087,2,407.72366,667.396,TRUE
PDAC0144,0,585.80566,363.17587,FALSE
PDAC0144,1,585.80566,625.2759,FALSE
PDAC0144,2,585.80566,910.4759,FALSE
PDAC0144,0,588.81573,369.196,TRUE
PDAC0144,1,588.81573,631.296,TRUE
PDAC0144,2,588.81573,916.496,TRUE
PDAC0024,0,532.7847,581.37585,FALSE
PDAC0024,1,532.7847,694.37585,FALSE
PDAC0024,2,532.7847,807.4759,FALSE
PDAC0024,0,535.7948,587.396,TRUE
PDAC0024,1,535.7948,700.396,TRUE
PDAC0024,2,535.7948,813.496,TRUE
PDAC0060,0,519.27435,518.2759,FALSE
PDAC0060,1,519.27435,615.37585,FALSE
PDAC0060,2,519.27435,762.37585,FALSE
PDAC0060,0,522.2844,524.296,TRUE
PDAC0060,1,522.2844,621.396,TRUE
PDAC0060,2,522.2844,768.396,TRUE
PDAC0073,0,938.96234,508.27588,FALSE
PDAC0073,1,938.96234,637.37585,FALSE
PDAC0073,2,938.96234,1120.5759,FALSE
PDAC0073,0,941.9724,514.296,TRUE
PDAC0073,1,941.9724,643.396,TRUE
PDAC0073,2,941.9724,1126.596,TRUE
PDAC0186,0,598.3271,537.2759,FALSE
PDAC0186,1,598.3271,650.37585,FALSE
PDAC0186,2,598.3271,797.4759,FALSE
PDAC0186,0,601.33716,543.296,TRUE
PDAC0186,1,601.33716,656.396,TRUE
PDAC0186,2,601.33716,803.496,TRUE
PDAC0014,0,702.8295,432.27588,FALSE
PDAC0014,1,702.8295,546.2759,FALSE
PDAC0014,2,702.8295,674.37585,FALSE
PDAC0014,0,705.8396,438.296,TRUE
PDAC0014,1,705.8396,552.296,TRUE
PDAC0014,2,705.8396,680.396,TRUE
PDAC0044,0,707.8755,446.27588,FALSE
PDAC0044,1,707.8755,517.37585,FALSE
PDAC0044,2,707.8755,614.37585,FALSE
PDAC0044,0,710.88556,452.296,TRUE
PDAC0044,1,710.88556,523.396,TRUE
PDAC0044,2,710.88556,620.396,TRUE
PDAC0179,0,611.8026,369.27588,FALSE
PDAC0179,1,611.8026,537.37585,FALSE
PDAC0179,2,611.8026,634.37585,FALSE
PDAC0179,0,614.8127,375.296,TRUE
PDAC0179,1,614.8127,543.396,TRUE
PDAC0179,2,614.8127,640.396,TRUE
PDAC0097,0,517.75366,333.17587,FALSE
PDAC0097,1,517.75366,690.37585,FALSE
PDAC0097,2,517.75366,864.37585,FALSE
PDAC0097,0,520.7637,339.196,TRUE
PDAC0097,1,520.7637,696.396,TRUE
PDAC0097,2,520.7637,870.396,TRUE
PDAC0133,0,642.83276,683.37585,FALSE
PDAC0133,1,642.83276,754.4759,FALSE
PDAC0133,2,642.83276,901.496,FALSE
PDAC0133,0,645.84283,689.396,TRUE
PDAC0133,1,645.84283,760.496,TRUE
PDAC0133,2,645.84283,907.496,TRUE
PDAC0031,0,536.93164,439.296,FALSE
PDAC0031,1,536.93164,552.37585,FALSE
PDAC0031,2,536.93164,651.396,FALSE
PDAC0031,0,538.93835,445.296,TRUE
PDAC0031,1,538.93835,558.396,TRUE
PDAC0031,2,538.93835,657.396,TRUE
PDAC0093,0,437.24304,401.3759,FALSE
PDAC0093,1,437.24304,472.3759,FALSE
PDAC0093,2,437.24304,601.396,FALSE
PDAC0093,0,440.2531,407.396,TRUE
PDAC0093,1,440.2531,478.396,TRUE
PDAC0093,2,440.2531,607.396,TRUE
PDAC0155,0,342.17157,351.196,FALSE
PDAC0155,1,342.17157,438.27588,FALSE
PDAC0155,2,342.17157,525.2759,FALSE
PDAC0155,0,345.18164,357.196,TRUE
PDAC0155,1,345.18164,444.296,TRUE
PDAC0155,2,345.18164,531.296,TRUE
PDAC0127,0,815.43335,317.27588,FALSE
PDAC0127,1,815.43335,430.27588,FALSE
PDAC0127,2,815.43335,657.4759,FALSE
PDAC0127,0,818.4434,323.296,TRUE
PDAC0127,1,818.4434,436.296,TRUE
PDAC0127,2,818.4434,663.496,TRUE
PDAC0164,0,511.2587,585.396,FALSE
PDAC0164,1,511.2587,755.4759,FALSE
PDAC0164,2,511.2587,884.496,FALSE
PDAC0164,0,514.26874,591.396,TRUE
PDAC0164,1,514.26874,761.496,TRUE
PDAC0164,2,514.26874,890.496,TRUE
PDAC0088,0,578.80347,317.27588,FALSE
PDAC0088,1,578.80347,430.396,FALSE
PDAC0088,2,578.80347,559.396,FALSE
PDAC0088,0,581.81354,323.296,TRUE
PDAC0088,1,581.81354,436.396,TRUE
PDAC0088,2,581.81354,565.396,TRUE
PDAC0131,0,423.5509,371.27588,FALSE
PDAC0131,1,423.5509,534.37585,FALSE
PDAC0131,2,423.5509,719.496,FALSE
PDAC0131,0,425.55762,377.296,TRUE
PDAC0131,1,425.55762,540.396,TRUE
PDAC0131,2,425.55762,725.496,TRUE
PDAC0037,0,616.7989,389.27588,FALSE
PDAC0037,1,616.7989,504.27588,FALSE
PDAC0037,2,616.7989,591.2759,FALSE
PDAC0037,0,619.80896,395.296,TRUE
PDAC0037,1,619.80896,510.296,TRUE
PDAC0037,2,619.80896,597.296,TRUE
PDAC0149,0,412.73486,331.296,FALSE
PDAC0149,1,412.73486,559.37585,FALSE
PDAC0149,2,412.73486,687.37585,FALSE
PDAC0149,0,415.74493,337.296,TRUE
PDAC0149,1,415.74493,565.396,TRUE
PDAC0149,2,415.74493,693.396,TRUE
PDAC0038,0,434.21396,520.2759,FALSE
PDAC0038,1,434.21396,683.37585,FALSE
PDAC0038,2,434.21396,754.37585,FALSE
PDAC0038,0,437.22403,526.296,TRUE
PDAC0038,1,437.22403,689.396,TRUE
PDAC0038,2,437.22403,760.396,TRUE
PDAC0095,0,447.732,438.27588,FALSE
PDAC0095,1,447.732,666.37585,FALSE
PDAC0095,2,447.732,781.37585,FALSE
PDAC0095,0,450.74203,444.296,TRUE
PDAC0095,1,450.74203,672.396,TRUE
PDAC0095,2,450.74203,787.396,TRUE
PDAC0096,0,602.983,373.3759,FALSE
PDAC0096,1,602.983,444.3759,FALSE
PDAC0096,2,602.983,668.4759,FALSE
PDAC0096,0,604.9897,379.396,TRUE
PDAC0096,1,604.9897,450.396,TRUE
PDAC0096,2,604.9897,674.496,TRUE
PDAC0158,0,365.8818,317.17587,FALSE
PDAC0158,1,365.8818,416.27588,FALSE
PDAC0158,2,365.8818,553.396,FALSE
PDAC0158,0,367.88852,323.196,TRUE
PDAC0158,1,367.88852,422.296,TRUE
PDAC0158,2,367.88852,559.396,TRUE
PDAC0102,0,707.36664,749.37585,FALSE
PDAC0102,1,707.36664,1024.5759,FALSE
PDAC0102,2,707.36664,1187.5759,FALSE
PDAC0102,0,710.3767,755.396,TRUE
PDAC0102,1,710.3767,1030.596,TRUE
PDAC0102,2,710.3767,1193.596,TRUE
PDAC0132,0,470.77673,487.27588,FALSE
PDAC0132,1,470.77673,601.37585,FALSE
PDAC0132,2,470.77673,714.37585,FALSE
PDAC0132,0,473.78677,493.296,TRUE
PDAC0132,1,473.78677,607.396,TRUE
PDAC0132,2,473.78677,720.396,TRUE
PDAC0176,0,477.29254,613.37585,FALSE
PDAC0176,1,477.29254,727.4759,FALSE
PDAC0176,2,477.29254,840.57587,FALSE
PDAC0176,0,480.3026,619.396,TRUE
PDAC0176,1,480.3026,733.496,TRUE
PDAC0176,2,480.3026,846.596,TRUE
PDAC0039,0,549.31366,331.27588,FALSE
PDAC0039,1,549.31366,616.37585,FALSE
PDAC0039,2,549.31366,772.496,FALSE
PDAC0039,0,552.3237,337.296,TRUE
PDAC0039,1,552.3237,622.396,TRUE
PDAC0039,2,552.3237,778.496,TRUE
PDAC0167,0,544.2776,447.27588,FALSE
PDAC0167,1,544.2776,576.396,FALSE
PDAC0167,2,544.2776,689.4759,FALSE
PDAC0167,0,546.2843,453.296,TRUE
PDAC0167,1,546.2843,582.396,TRUE
PDAC0167,2,546.2843,695.496,TRUE
PDAC0187,0,550.23694,405.17587,FALSE
PDAC0187,1,550.23694,534.2759,FALSE
PDAC0187,2,550.23694,812.296,FALSE
PDAC0187,0,553.247,411.196,TRUE
PDAC0187,1,553.247,540.296,TRUE
PDAC0187,2,553.247,818.296,TRUE
PDAC0117,0,692.67584,629.37585,FALSE
PDAC0117,1,692.67584,730.37585,FALSE
PDAC0117,2,692.67584,817.4759,FALSE
PDAC0117,0,694.68256,635.396,TRUE
PDAC0117,1,694.68256,736.396,TRUE
PDAC0117,2,694.68256,823.496,TRUE
PDAC0083,0,840.92755,391.27588,FALSE
PDAC0083,1,840.92755,723.4759,FALSE
PDAC0083,2,840.92755,822.496,FALSE
PDAC0083,0,843.9376,397.296,TRUE
PDAC0083,1,843.9376,729.496,TRUE
PDAC0083,2,843.9376,828.496,TRUE
PDAC0081,0,518.7873,638.37585,FALSE
PDAC0081,1,518.7873,753.37585,FALSE
PDAC0081,2,518.7873,824.4759,FALSE
PDAC0081,0,521.79736,644.396,TRUE
PDAC0081,1,521.79736,759.396,TRUE
PDAC0081,2,521.79736,830.496,TRUE
PDAC0175,0,793.4328,736.37585,FALSE
PDAC0175,1,793.4328,1059.6759,FALSE
PDAC0175,2,793.4328,1373.7759,FALSE
PDAC0175,0,796.4429,742.396,TRUE
PDAC0175,1,796.4429,1065.696,TRUE
PDAC0175,2,796.4429,1379.796,TRUE
PDAC0055,0,678.3513,360.17587,FALSE
PDAC0055,1,678.3513,475.17587,FALSE
PDAC0055,2,678.3513,589.2759,FALSE
PDAC0055,0,681.3614,366.196,TRUE
PDAC0055,1,681.3614,481.196,TRUE
PDAC0055,2,681.3614,595.296,TRUE
PDAC0135,0,499.79764,685.4759,FALSE
PDAC0135,1,499.79764,814.4759,FALSE
PDAC0135,2,499.79764,885.596,FALSE
PDAC0135,0,502.8077,691.496,TRUE
PDAC0135,1,502.8077,820.496,TRUE
PDAC0135,2,502.8077,891.596,TRUE
PDAC0173,0,705.90314,301.27588,FALSE
PDAC0173,1,705.90314,497.3759,FALSE
PDAC0173,2,705.90314,723.4759,FALSE
PDAC0173,0,708.9132,307.296,TRUE
PDAC0173,1,708.9132,503.396,TRUE
PDAC0173,2,708.9132,729.496,TRUE
PDAC0115,0,754.8594,346.27588,FALSE
PDAC0115,1,754.8594,445.27588,FALSE
PDAC0115,2,754.8594,661.37585,FALSE
PDAC0115,0,757.86945,352.296,TRUE
PDAC0115,1,757.86945,451.296,TRUE
PDAC0115,2,757.86945,667.396,TRUE
PDAC0166,0,714.0406,632.37585,FALSE
PDAC0166,1,714.0406,689.37585,FALSE
PDAC0166,2,714.0406,788.4759,FALSE
PDAC0166,0,716.0473,638.396,TRUE
PDAC0166,1,716.0473,695.396,TRUE
PDAC0166,2,716.0473,794.496,TRUE
PDAC0150,0,516.7955,643.37585,FALSE
PDAC0150,1,516.7955,772.4759,FALSE
PDAC0150,2,516.7955,919.4759,FALSE
PDAC0150,0,519.8055,649.396,TRUE
PDAC0150,1,519.8055,778.496,TRUE
PDAC0150,2,519.8055,925.496,TRUE
PDAC0092,0,532.7847,503.3759,FALSE
PDAC0092,1,532.7847,618.396,FALSE
PDAC0092,2,532.7847,747.496,FALSE
PDAC0092,0,535.7948,509.396,TRUE
PDAC0092,1,535.7948,624.396,TRUE
PDAC0092,2,535.7948,753.496,TRUE
PDAC0114,0,600.35333,645.37585,FALSE
PDAC0114,1,600.35333,758.4759,FALSE
PDAC0114,2,600.35333,829.4759,FALSE
PDAC0114,0,603.3634,651.396,TRUE
PDAC0114,1,603.3634,764.496,TRUE
PDAC0114,2,603.3634,835.496,TRUE
PDAC0123,0,515.30054,619.37585,FALSE
PDAC0123,1,515.30054,732.4759,FALSE
PDAC0123,2,515.30054,803.4759,FALSE
PDAC0123,0,518.3106,625.396,TRUE
PDAC0123,1,518.3106,738.496,TRUE
PDAC0123,2,518.3106,809.496,TRUE
PDAC0138,0,517.77185,363.17587,FALSE
PDAC0138,1,517.77185,650.2759,FALSE
PDAC0138,2,517.77185,808.37585,FALSE
PDAC0138,0,520.7819,369.196,TRUE
PDAC0138,1,520.7819,656.296,TRUE
PDAC0138,2,520.7819,814.396,TRUE
PDAC0036,0,389.54364,441.296,FALSE
PDAC0036,1,389.54364,528.2759,FALSE
PDAC0036,2,389.54364,625.37585,FALSE
PDAC0036,0,391.55035,447.296,TRUE
PDAC0036,1,391.55035,534.296,TRUE
PDAC0036,2,391.55035,631.396,TRUE
PDAC0170,0,504.93167,503.27588,FALSE
PDAC0170,1,504.93167,640.37585,FALSE
PDAC0170,2,504.93167,852.496,FALSE
PDAC0170,0,506.9384,509.296,TRUE
PDAC0170,1,506.9384,646.396,TRUE
PDAC0170,2,506.9384,858.496,TRUE
PDAC0163,0,496.7798,480.27588,FALSE
PDAC0163,1,496.7798,680.37585,FALSE
PDAC0163,2,496.7798,751.4759,FALSE
PDAC0163,0,499.78986,486.296,TRUE
PDAC0163,1,499.78986,686.396,TRUE
PDAC0163,2,499.78986,757.496,TRUE
PDAC0041,0,813.8965,563.396,FALSE
PDAC0041,1,813.8965,664.37585,FALSE
PDAC0041,2,813.8965,779.37585,FALSE
PDAC0041,0,816.90656,569.396,TRUE
PDAC0041,1,816.90656,670.396,TRUE
PDAC0041,2,816.90656,785.396,TRUE
PDAC0098,0,737.8986,502.396,FALSE
PDAC0098,1,737.8986,616.37585,FALSE
PDAC0098,2,737.8986,763.4759,FALSE
PDAC0098,0,740.9087,508.396,TRUE
PDAC0098,1,740.9087,622.396,TRUE
PDAC0098,2,740.9087,769.496,TRUE
PDAC0141,0,662.37256,389.17587,FALSE
PDAC0141,1,662.37256,486.27588,FALSE
PDAC0141,2,662.37256,614.2759,FALSE
PDAC0141,0,665.3826,395.196,TRUE
PDAC0141,1,665.3826,492.296,TRUE
PDAC0141,2,665.3826,620.296,TRUE
PDAC0130,0,513.2755,447.27588,FALSE
PDAC0130,1,513.2755,688.396,FALSE
PDAC0130,2,513.2755,958.596,FALSE
PDAC0130,0,515.2822,453.296,TRUE
PDAC0130,1,515.2822,694.396,TRUE
PDAC0130,2,515.2822,964.596,TRUE
PDAC0140,0,700.8382,516.2737,FALSE
PDAC0140,1,700.8382,603.3057,FALSE
PDAC0140,2,700.8382,750.37415,FALSE
PDAC0140,0,703.84827,522.2938,TRUE
PDAC0140,1,703.84827,609.32587,TRUE
PDAC0140,2,703.84827,756.3942,TRUE
PDAC0188,0,507.3031,603.37585,FALSE
PDAC0188,1,507.3031,702.37585,FALSE
PDAC0188,2,507.3031,801.4759,FALSE
PDAC0188,0,510.31317,609.396,TRUE
PDAC0188,1,510.31317,708.396,TRUE
PDAC0188,2,510.31317,807.496,TRUE
PDAC0189,0,357.23703,303.17587,FALSE
PDAC0189,1,357.23703,402.27588,FALSE
PDAC0189,2,357.23703,501.3759,FALSE
PDAC0189,0,360.2471,309.196,TRUE
PDAC0189,1,360.2471,408.296,TRUE
PDAC0189,2,360.2471,507.396,TRUE
PDAC0121,0,557.79816,333.17587,FALSE
PDAC0121,1,557.79816,714.37585,FALSE
PDAC0121,2,557.79816,815.4759,FALSE
PDAC0121,0,560.8082,339.196,TRUE
PDAC0121,1,560.8082,720.396,TRUE
PDAC0121,2,560.8082,821.496,TRUE
PDAC0032,0,434.73178,365.27588,FALSE
PDAC0032,1,434.73178,478.3759,FALSE
PDAC0032,2,434.73178,607.37585,FALSE
PDAC0032,0,437.74185,371.296,TRUE
PDAC0032,1,437.74185,484.396,TRUE
PDAC0032,2,437.74185,613.396,TRUE
PDAC0011,0,318.4623,333.17587,FALSE
PDAC0011,1,318.4623,447.196,FALSE
PDAC0011,2,318.4623,615.2759,FALSE
PDAC0011,0,320.46902,339.196,TRUE
PDAC0011,1,320.46902,453.196,TRUE
PDAC0011,2,320.46902,621.296,TRUE
PDAC0075,0,665.84607,347.296,FALSE
PDAC0075,1,665.84607,745.4759,FALSE
PDAC0075,2,665.84607,1103.5759,FALSE
PDAC0075,0,668.85614,353.296,TRUE
PDAC0075,1,668.85614,751.496,TRUE
PDAC0075,2,668.85614,1109.596,TRUE
PDAC0062,0,562.8065,513.2759,FALSE
PDAC0062,1,562.8065,729.37585,FALSE
PDAC0062,2,562.8065,800.37585,FALSE
PDAC0062,0,565.8166,519.296,TRUE
PDAC0062,1,565.8166,735.396,TRUE
PDAC0062,2,565.8166,806.396,TRUE
PDAC0124,0,741.8773,423.17587,FALSE
PDAC0124,1,741.8773,536.2759,FALSE
PDAC0124,2,741.8773,720.37585,FALSE
PDAC0124,0,744.8874,429.196,TRUE
PDAC0124,1,744.8874,542.296,TRUE
PDAC0124,2,744.8874,726.396,TRUE
PDAC0094,0,406.21906,471.3759,FALSE
PDAC0094,1,406.21906,600.37585,FALSE
PDAC0094,2,406.21906,697.496,FALSE
PDAC0094,0,409.2291,477.396,TRUE
PDAC0094,1,409.2291,606.396,TRUE
PDAC0094,2,409.2291,703.496,TRUE
PDAC0074,0,685.6729,675.2759,FALSE
PDAC0074,1,685.6729,845.37585,FALSE
PDAC0074,2,685.6729,982.496,FALSE
PDAC0074,0,687.6796,681.296,TRUE
PDAC0074,1,687.6796,851.396,TRUE
PDAC0074,2,687.6796,988.496,TRUE
PDAC0145,0,831.9203,595.37585,FALSE
PDAC0145,1,831.9203,666.37585,FALSE
PDAC0145,2,831.9203,779.4759,FALSE
PDAC0145,0,834.93036,601.396,TRUE
PDAC0145,1,834.93036,672.396,TRUE
PDAC0145,2,834.93036,785.496,TRUE
PDAC0004,0,753.8874,442.27588,FALSE
PDAC0004,1,753.8874,555.37585,FALSE
PDAC0004,2,753.8874,668.496,FALSE
PDAC0004,0,756.89746,448.296,TRUE
PDAC0004,1,756.89746,561.396,TRUE
PDAC0004,2,756.89746,674.496,TRUE
PDAC0128,0,535.79565,474.27588,FALSE
PDAC0128,1,535.79565,755.4759,FALSE
PDAC0128,2,535.79565,854.4759,FALSE
PDAC0128,0,538.8057,480.296,TRUE
PDAC0128,1,538.8057,761.496,TRUE
PDAC0128,2,538.8057,860.496,TRUE
PDAC0005,0,769.3867,417.27588,FALSE
PDAC0005,1,769.3867,530.2759,FALSE
PDAC0005,2,769.3867,740.4759,FALSE
PDAC0005,0,772.3968,423.296,TRUE
PDAC0005,1,772.3968,536.296,TRUE
PDAC0005,2,772.3968,746.496,TRUE
PDAC0027,0,772.87756,648.37585,FALSE
PDAC0027,1,772.87756,761.4759,FALSE
PDAC0027,2,772.87756,919.4759,FALSE
PDAC0027,0,775.88763,654.396,TRUE
PDAC0027,1,775.88763,767.496,TRUE
PDAC0027,2,775.88763,925.496,TRUE
PDAC0101,0,515.2718,395.27588,FALSE
PDAC0101,1,515.2718,609.37585,FALSE
PDAC0101,2,515.2718,722.4759,FALSE
PDAC0101,0,518.28186,401.296,TRUE
PDAC0101,1,518.28186,615.396,TRUE
PDAC0101,2,518.28186,728.496,TRUE
PDAC0017,0,992.936,305.17587,FALSE
PDAC0017,1,992.936,472.17587,FALSE
PDAC0017,2,992.936,699.296,FALSE
PDAC0017,0,995.94604,311.196,TRUE
PDAC0017,1,995.94604,478.196,TRUE
PDAC0017,2,995.94604,705.296,TRUE
PDAC0089,0,404.7136,393.27588,FALSE
PDAC0089,1,404.7136,508.27588,FALSE
PDAC0089,2,404.7136,607.37585,FALSE
PDAC0089,0,407.72366,399.296,TRUE
PDAC0089,1,407.72366,514.296,TRUE
PDAC0089,2,407.72366,613.396,TRUE
PDAC0134,0,512.75854,480.296,FALSE
PDAC0134,1,512.75854,696.37585,FALSE
PDAC0134,2,512.75854,809.4759,FALSE
PDAC0134,0,515.7686,486.296,TRUE
PDAC0134,1,515.7686,702.396,TRUE
PDAC0134,2,515.7686,815.496,TRUE
PDAC0072,0,510.272,617.37585,FALSE
PDAC0072,1,510.272,730.4759,FALSE
PDAC0072,2,510.272,831.4759,FALSE
PDAC0072,0,513.28204,623.396,TRUE
PDAC0072,1,513.28204,736.496,TRUE
PDAC0072,2,513.28204,837.496,TRUE
PDAC0171,0,647.3435,606.37585,FALSE
PDAC0171,1,647.3435,734.37585,FALSE
PDAC0171,2,647.3435,847.4759,FALSE
PDAC0171,0,650.3535,612.396,TRUE
PDAC0171,1,650.3535,740.396,TRUE
PDAC0171,2,650.3535,853.496,TRUE
PDAC0045,0,545.246,561.2759,FALSE
PDAC0045,1,545.246,719.396,FALSE
PDAC0045,2,545.246,816.37585,FALSE
PDAC0045,0,548.25604,567.296,TRUE
PDAC0045,1,548.25604,725.396,TRUE
PDAC0045,2,548.25604,822.396,TRUE
PDAC0177,0,911.42816,576.276,FALSE
PDAC0177,1,911.42816,787.376,FALSE
PDAC0177,2,911.42816,1000.476,FALSE
PDAC0177,0,914.4382,582.296,TRUE
PDAC0177,1,914.4382,793.396,TRUE
PDAC0177,2,914.4382,1006.496,TRUE
PDAC0119,0,668.6688,476.27588,FALSE
PDAC0119,1,668.6688,676.37585,FALSE
PDAC0119,2,668.6688,902.4759,FALSE
PDAC0119,0,670.67554,482.296,TRUE
PDAC0119,1,670.67554,682.396,TRUE
PDAC0119,2,670.67554,908.496,TRUE
PDAC0111,0,857.4125,347.17587,FALSE
PDAC0111,1,857.4125,590.2759,FALSE
PDAC0111,2,857.4125,703.396,FALSE
PDAC0111,0,860.42255,353.196,TRUE
PDAC0111,1,860.42255,596.296,TRUE
PDAC0111,2,860.42255,709.396,TRUE
PDAC0046,0,758.41187,417.296,FALSE
PDAC0046,1,758.41187,929.596,FALSE
PDAC0046,2,758.41187,1154.6759,FALSE
PDAC0046,0,761.42194,423.296,TRUE
PDAC0046,1,761.42194,935.596,TRUE
PDAC0046,2,761.42194,1160.696,TRUE
PDAC0103,0,430.2478,475.27588,FALSE
PDAC0103,1,430.2478,588.37585,FALSE
PDAC0103,2,430.2478,701.4759,FALSE
PDAC0103,0,433.25787,481.296,TRUE
PDAC0103,1,433.25787,594.396,TRUE
PDAC0103,2,433.25787,707.496,TRUE
PDAC0099,0,476.78235,487.296,FALSE
PDAC0099,1,476.78235,601.396,FALSE
PDAC0099,2,476.78235,714.4759,FALSE
PDAC0099,0,479.7924,493.296,TRUE
PDAC0099,1,479.7924,607.396,TRUE
PDAC0099,2,479.7924,720.496,TRUE
PDAC0022,0,521.6069,372.27588,FALSE
PDAC0022,1,521.6069,500.3759,FALSE
PDAC0022,2,521.6069,698.4759,FALSE
PDAC0022,0,523.6136,378.296,TRUE
PDAC0022,1,523.6136,506.396,TRUE
PDAC0022,2,523.6136,704.496,TRUE
PDAC0109,0,579.3424,373.3759,FALSE
PDAC0109,1,579.3424,486.396,FALSE
PDAC0109,2,579.3424,943.57587,FALSE
PDAC0109,0,582.3525,379.396,TRUE
PDAC0109,1,582.3525,492.396,TRUE
PDAC0109,2,582.3525,949.596,TRUE
PDAC0080,0,722.86255,447.27588,FALSE
PDAC0080,1,722.86255,560.37585,FALSE
PDAC0080,2,722.86255,675.396,FALSE
PDAC0080,0,725.8726,453.296,TRUE
PDAC0080,1,725.8726,566.396,TRUE
PDAC0080,2,725.8726,681.396,TRUE
PDAC0025,0,413.24506,147.096,FALSE
PDAC0025,1,413.24506,512.2759,FALSE
PDAC0025,2,413.24506,611.396,FALSE
PDAC0025,0,416.25513,153.096,TRUE
PDAC0025,1,416.25513,518.296,TRUE
PDAC0025,2,416.25513,617.396,TRUE
PDAC0015,0,829.37146,363.196,FALSE
PDAC0015,1,829.37146,561.2759,FALSE
PDAC0015,2,829.37146,728.2759,FALSE
PDAC0015,0,832.38153,369.196,TRUE
PDAC0015,1,832.38153,567.296,TRUE
PDAC0015,2,832.38153,734.296,TRUE
PDAC0142,0,444.7429,333.17587,FALSE
PDAC0142,1,444.7429,545.2759,FALSE
PDAC0142,2,444.7429,659.37585,FALSE
PDAC0142,0,447.75293,339.196,TRUE
PDAC0142,1,447.75293,551.296,TRUE
PDAC0142,2,447.75293,665.396,TRUE
PDAC0057,0,700.8508,411.17587,FALSE
PDAC0057,1,700.8508,524.2759,FALSE
PDAC0057,2,700.8508,1065.596,FALSE
PDAC0057,0,703.86084,417.196,TRUE
PDAC0057,1,703.86084,530.296,TRUE
PDAC0057,2,703.86084,1071.596,TRUE
PDAC0040,0,507.7951,572.37585,FALSE
PDAC0040,1,507.7951,701.4759,FALSE
PDAC0040,2,507.7951,814.4759,FALSE
PDAC0040,0,510.80518,578.396,TRUE
PDAC0040,1,510.80518,707.496,TRUE
PDAC0040,2,510.80518,820.496,TRUE
PDAC0026,0,839.4201,331.27588,FALSE
PDAC0026,1,839.4201,402.27588,FALSE
PDAC0026,2,839.4201,515.396,FALSE
PDAC0026,0,842.4302,337.296,TRUE
PDAC0026,1,842.4302,408.296,TRUE
PDAC0026,2,842.4302,521.396,TRUE
PDAC0147,0,375.21884,432.27588,FALSE
PDAC0147,1,375.21884,579.2759,FALSE
PDAC0147,2,375.21884,650.37585,FALSE
PDAC0147,0,378.2289,438.296,TRUE
PDAC0147,1,378.2289,585.296,TRUE
PDAC0147,2,378.2289,656.396,TRUE
PDAC0100,0,465.27435,418.27588,FALSE
PDAC0100,1,465.27435,646.37585,FALSE
PDAC0100,2,465.27435,759.4759,FALSE
PDAC0100,0,468.2844,424.296,TRUE
PDAC0100,1,468.2844,652.396,TRUE
PDAC0100,2,468.2844,765.496,TRUE
PDAC0030,0,616.9949,609.37585,FALSE
PDAC0030,1,616.9949,722.4759,FALSE
PDAC0030,2,616.9949,835.57587,FALSE
PDAC0030,0,619.0016,615.396,TRUE
PDAC0030,1,619.0016,728.496,TRUE
PDAC0030,2,619.0016,841.596,TRUE
PDAC0006,0,711.2828,450.196,FALSE
PDAC0006,1,711.2828,617.17584,FALSE
PDAC0006,2,711.2828,878.2759,FALSE
PDAC0006,0,713.2895,456.196,TRUE
PDAC0006,1,713.2895,623.196,TRUE
PDAC0006,2,713.2895,884.296,TRUE
PDAC0066,0,560.62616,435.27588,FALSE
PDAC0066,1,560.62616,582.2759,FALSE
PDAC0066,2,560.62616,797.37585,FALSE
PDAC0066,0,562.6328,441.296,TRUE
PDAC0066,1,562.6328,588.296,TRUE
PDAC0066,2,562.6328,803.396,TRUE
PDAC0091,0,703.38226,407.27588,FALSE
PDAC0091,1,703.38226,478.3759,FALSE
PDAC0091,2,703.38226,1177.6759,FALSE
PDAC0091,0,706.39233,413.296,TRUE
PDAC0091,1,706.39233,484.396,TRUE
PDAC0091,2,706.39233,1183.696,TRUE
PDAC0019,0,597.7822,536.17584,FALSE
PDAC0019,1,597.7822,633.2759,FALSE
PDAC0019,2,597.7822,732.37585,FALSE
PDAC0019,0,600.79224,542.196,TRUE
PDAC0019,1,600.79224,639.296,TRUE
PDAC0019,2,600.79224,738.396,TRUE
PDAC0029,0,479.2599,386.27588,FALSE
PDAC0029,1,479.2599,499.3759,FALSE
PDAC0029,2,479.2599,636.37585,FALSE
PDAC0029,0,481.2666,392.296,TRUE
PDAC0029,1,481.2666,505.396,TRUE
PDAC0029,2,481.2666,642.396,TRUE
PDAC0003,0,653.80554,375.17587,FALSE
PDAC0003,1,653.80554,547.296,FALSE
PDAC0003,2,653.80554,646.396,FALSE
PDAC0003,0,656.8156,381.196,TRUE
PDAC0003,1,656.8156,553.296,TRUE
PDAC0003,2,656.8156,652.396,TRUE
PDAC0021,0,455.77142,375.296,FALSE
PDAC0021,1,455.77142,575.396,FALSE
PDAC0021,2,455.77142,674.4759,FALSE
PDAC0021,0,458.7815,381.296,TRUE
PDAC0021,1,458.7815,581.396,TRUE
PDAC0021,2,458.7815,680.496,TRUE
PDAC0154,0,830.89624,411.17587,FALSE
PDAC0154,1,830.89624,613.2759,FALSE
PDAC0154,2,830.89624,799.37585,FALSE
PDAC0154,0,833.9063,417.196,TRUE
PDAC0154,1,833.9063,619.296,TRUE
PDAC0154,2,833.9063,805.396,TRUE
PDAC0180,0,472.27655,373.27588,FALSE
PDAC0180,1,472.27655,730.4759,FALSE
PDAC0180,2,472.27655,844.4759,FALSE
PDAC0180,0,475.3,379.296,TRUE
PDAC0180,1,475.3,736.496,TRUE
PDAC0180,2,475.3,850.496,TRUE
PDAC0079,0,632.32697,407.296,FALSE
PDAC0079,1,632.32697,494.3759,FALSE
PDAC0079,2,632.32697,607.496,FALSE
PDAC0079,0,635.33704,413.296,TRUE
PDAC0079,1,635.33704,500.396,TRUE
PDAC0079,2,635.33704,613.496,TRUE
PDAC0200,0,543.3213,645.37585,FALSE
PDAC0200,1,543.3213,742.4759,FALSE
PDAC0200,2,543.3213,889.4759,FALSE
PDAC0200,0,546.33136,651.396,TRUE
PDAC0200,1,546.33136,748.496,TRUE
PDAC0200,2,546.33136,895.496,TRUE
PDAC0065,0,653.3561,446.17587,FALSE
PDAC0065,1,653.3561,559.2759,FALSE
PDAC0065,2,653.3561,864.4759,FALSE
PDAC0065,0,656.3661,452.196,TRUE
PDAC0065,1,656.3661,565.296,TRUE
PDAC0065,2,656.3661,870.496,TRUE
PDAC0063,0,651.8122,418.17587,FALSE
PDAC0063,1,651.8122,630.396,FALSE
PDAC0063,2,651.8122,1104.4758,FALSE
PDAC0063,0,654.82227,424.196,TRUE
PDAC0063,1,654.82227,636.396,TRUE
PDAC0063,2,654.82227,1110.496,TRUE
PDAC0152,0,529.3162,633.2759,FALSE
PDAC0152,1,529.3162,746.37585,FALSE
PDAC0152,2,529.3162,859.4759,FALSE
PDAC0152,0,532.3263,639.296,TRUE
PDAC0152,1,532.3263,752.396,TRUE
PDAC0152,2,532.3263,865.496,TRUE
PDAC0067,0,482.74796,391.27588,FALSE
PDAC0067,1,482.74796,462.296,FALSE
PDAC0067,2,482.74796,778.37585,FALSE
PDAC0067,0,485.75803,397.296,TRUE
PDAC0067,1,485.75803,468.296,TRUE
PDAC0067,2,485.75803,784.396,TRUE
PDAC0082,0,493.71432,450.27588,FALSE
PDAC0082,1,493.71432,708.37585,FALSE
PDAC0082,2,493.71432,823.396,FALSE
PDAC0082,0,496.7244,456.296,TRUE
PDAC0082,1,496.7244,714.396,TRUE
PDAC0082,2,496.7244,829.396,TRUE
PDAC0112,0,661.85876,729.4759,FALSE
PDAC0112,1,661.85876,842.4759,FALSE
PDAC0112,2,661.85876,955.596,FALSE
PDAC0112,0,664.86884,735.496,TRUE
PDAC0112,1,664.86884,848.496,TRUE
PDAC0112,2,664.86884,961.596,TRUE
PDAC0071,0,536.2897,361.27588,FALSE
PDAC0071,1,536.2897,724.37585,FALSE
PDAC0071,2,536.2897,795.37585,FALSE
PDAC0071,0,539.29974,367.296,TRUE
PDAC0071,1,539.29974,730.396,TRUE
PDAC0071,2,539.29974,801.396,TRUE
PDAC0148,0,626.8246,791.4759,FALSE
PDAC0148,1,626.8246,890.57587,FALSE
PDAC0148,2,626.8246,961.57587,FALSE
PDAC0148,0,629.83466,797.496,TRUE
PDAC0148,1,629.83466,896.596,TRUE
PDAC0148,2,629.83466,967.596,TRUE
PDAC0085,0,728.3593,365.27588,FALSE
PDAC0085,1,728.3593,494.27588,FALSE
PDAC0085,2,728.3593,607.396,FALSE
PDAC0085,0,731.3694,371.296,TRUE
PDAC0085,1,731.3694,500.296,TRUE
PDAC0085,2,731.3694,613.396,TRUE
PDAC0047,0,454.2478,517.37585,FALSE
PDAC0047,1,454.2478,645.37585,FALSE
PDAC0047,2,454.2478,744.496,FALSE
PDAC0047,0,457.25787,523.396,TRUE
PDAC0047,1,457.25787,651.396,TRUE
PDAC0047,2,457.25787,750.496,TRUE
