peptide_id,is_heavy,precursor_mz,product_mz,rt,precursor_charge
PDAC0008,True,1200.046486,1216.6,22.6,2
PDAC0008,True,1200.046486,972.5,22.6,2
PDAC0008,True,1200.046486,1478.7,22.6,2
PDAC0008,True,800.366749333333,1216.6,22.6,3
PDAC0008,True,800.366749333333,972.5,22.6,3
PDAC0008,True,800.366749333333,1478.7,22.6,3
PDAC0008,False,1197.0364210000002,1210.6,22.6,2
PDAC0008,False,1197.0364210000002,966.47987,22.6,2
PDAC0008,False,1197.0364210000002,1472.67987,22.6,2
PDAC0008,False,798.3600393333335,1210.6,22.6,3
PDAC0008,False,798.3600393333335,966.47987,22.6,3
PDAC0008,False,798.3600393333335,1472.67987,22.6,3
PDAC0001,True,528.228646,455.3,4.6,2
PDAC0001,True,528.228646,512.3,4.6,2
PDAC0001,True,528.228646,368.2,4.6,2
PDAC0001,False,525.2185810000001,449.3,4.6,2
PDAC0001,False,525.2185810000001,506.27986999999996,4.6,2
PDAC0001,False,525.2185810000001,362.17987,4.6,2
PDAC0139,True,563.821156,625.3,30.6,2
PDAC0139,True,563.821156,738.4,30.6,2
PDAC0139,True,563.821156,837.5,30.6,2
PDAC0139,False,560.811091,619.27987,30.6,2
PDAC0139,False,560.811091,732.37987,30.6,2
PDAC0139,False,560.811091,831.47987,30.6,2
PDAC0028,True,707.369386,724.4,22.2,2
PDAC0028,True,707.369386,523.4,22.2,2
PDAC0028,True,707.369386,637.4,22.2,2
PDAC0028,False,704.359321,718.37987,22.2,2
PDAC0028,False,704.359321,517.4,22.2,2
PDAC0028,False,704.359321,631.37987,22.2,2
PDAC0174,True,828.912141,479.3,17.8,2
PDAC0174,True,828.912141,592.4,17.8,2
PDAC0174,True,828.912141,663.4,17.8,2
PDAC0174,True,552.943852666667,479.3,17.8,3
PDAC0174,True,552.943852666667,592.4,17.8,3
PDAC0174,True,552.943852666667,663.4,17.8,3
PDAC0174,False,825.9020760000001,473.27987,17.8,2
PDAC0174,False,825.9020760000001,586.37987,17.8,2
PDAC0174,False,825.9020760000001,657.37987,17.8,2
PDAC0174,False,550.9371426666667,473.27987,17.8,3
PDAC0174,False,550.9371426666667,586.37987,17.8,3
PDAC0174,False,550.9371426666667,657.37987,17.8,3
PDAC0185,True,721.355096,652.4,9.9,2
PDAC0185,True,721.355096,523.4,9.9,2
PDAC0185,True,721.355096,780.5,9.9,2
PDAC0185,True,481.239156,652.4,9.9,3
PDAC0185,True,481.239156,523.4,9.9,3
PDAC0185,True,481.239156,780.5,9.9,3
PDAC0185,False,718.3450310000001,646.37987,9.9,2
PDAC0185,False,718.3450310000001,517.37987,9.9,2
PDAC0185,False,718.3450310000001,774.47987,9.9,2
PDAC0185,False,479.232446,646.37987,9.9,3
PDAC0185,False,479.232446,517.37987,9.9,3
PDAC0185,False,479.232446,774.47987,9.9,3
PDAC0009,True,598.804516,321.3,9.5,2
PDAC0009,True,598.804516,755.4,9.5,2
PDAC0009,True,598.804516,658.4,9.5,2
PDAC0009,False,595.794451,315.27987,9.5,2
PDAC0009,False,595.794451,749.37987,9.5,2
PDAC0009,False,595.794451,652.37987,9.5,2
PDAC0156,True,537.275101,419.2,3.1,2
PDAC0156,True,537.275101,632.3,3.1,2
PDAC0156,True,537.275101,518.3,3.1,2
PDAC0156,True,358.519159333333,419.2,3.1,3
PDAC0156,True,358.519159333333,632.3,3.1,3
PDAC0156,True,358.519159333333,518.3,3.1,3
PDAC0156,False,534.265036,413.17987,3.1,2
PDAC0156,False,534.265036,626.3,3.1,2
PDAC0156,False,534.265036,512.27987,3.1,2
PDAC0156,False,356.5124493333333,413.17987,3.1,3
PDAC0156,False,356.5124493333333,626.3,3.1,3
PDAC0156,False,356.5124493333333,512.27987,3.1,3
PDAC0165,True,919.951656,711.4,25.4,2
PDAC0165,True,919.951656,610.4,25.4,2
PDAC0165,True,919.951656,539.3,25.4,2
PDAC0165,True,613.636862666667,711.4,25.4,3
PDAC0165,True,613.636862666667,610.4,25.4,3
PDAC0165,True,613.636862666667,539.3,25.4,3
PDAC0165,False,916.941591,705.37987,25.4,2
PDAC0165,False,916.941591,604.37987,25.4,2
PDAC0165,False,916.941591,533.27987,25.4,2
PDAC0165,False,611.6301526666666,705.37987,25.4,3
PDAC0165,False,611.6301526666666,604.37987,25.4,3
PDAC0165,False,611.6301526666666,533.27987,25.4,3
PDAC0181,True,461.750401,297.2,3.7,2
PDAC0181,True,461.750401,396.3,3.7,2
PDAC0181,True,461.750401,240.2,3.7,2
PDAC0181,False,458.740336,291.17987,3.7,2
PDAC0181,False,458.740336,390.27987,3.7,2
PDAC0181,False,458.740336,234.17987,3.7,2
PDAC0125,True,813.404291,658.4,16.0,2
PDAC0125,True,813.404291,309.2,16.0,2
PDAC0125,True,813.404291,495.3,16.0,2
PDAC0125,True,542.605286,658.4,16.0,3
PDAC0125,True,542.605286,309.2,16.0,3
PDAC0125,True,542.605286,495.3,16.0,3
PDAC0125,False,810.394226,652.4,16.0,2
PDAC0125,False,810.394226,303.17987,16.0,2
PDAC0125,False,810.394226,489.27987,16.0,2
PDAC0125,False,540.598576,652.4,16.0,3
PDAC0125,False,540.598576,303.17987,16.0,3
PDAC0125,False,540.598576,489.27987,16.0,3
PDAC0159,True,488.792066,691.4,13.3,2
PDAC0159,True,488.792066,806.5,13.3,2
PDAC0159,True,488.792066,363.3,13.3,2
PDAC0159,False,485.782001,685.4,13.3,2
PDAC0159,False,485.782001,800.47987,13.3,2
PDAC0159,False,485.782001,357.27987,13.3,2
PDAC0143,True,501.307881,605.3,13.9,2
PDAC0143,True,501.307881,548.3,13.9,2
PDAC0143,True,501.307881,718.4,13.9,2
PDAC0143,False,498.297816,599.27987,13.9,2
PDAC0143,False,498.297816,542.27987,13.9,2
PDAC0143,False,498.297816,712.37987,13.9,2
PDAC0105,True,690.856646,410.2,8.299999999999999,2
PDAC0105,True,690.856646,339.2,8.299999999999999,2
PDAC0105,True,690.856646,481.3,8.299999999999999,2
PDAC0105,True,460.906856,410.2,8.299999999999999,3
PDAC0105,True,460.906856,339.2,8.299999999999999,3
PDAC0105,True,460.906856,481.3,8.299999999999999,3
PDAC0105,False,687.846581,404.17987,8.299999999999999,2
PDAC0105,False,687.846581,333.17987,8.299999999999999,2
PDAC0105,False,687.846581,475.27987,8.299999999999999,2
PDAC0105,False,458.90014599999995,404.17987,8.299999999999999,3
PDAC0105,False,458.90014599999995,333.17987,8.299999999999999,3
PDAC0105,False,458.90014599999995,475.27987,8.299999999999999,3
PDAC0058,True,841.945786,535.3,29.2,2
PDAC0058,True,841.945786,325.2,29.2,2
PDAC0058,True,841.945786,698.4,29.2,2
PDAC0058,True,561.632949333333,535.3,29.2,3
PDAC0058,True,561.632949333333,325.2,29.2,3
PDAC0058,True,561.632949333333,698.4,29.2,3
PDAC0058,False,838.9357210000001,529.27987,29.2,2
PDAC0058,False,838.9357210000001,319.2,29.2,2
PDAC0058,False,838.9357210000001,692.37987,29.2,2
PDAC0058,False,559.6262393333333,529.27987,29.2,3
PDAC0058,False,559.6262393333333,319.2,29.2,3
PDAC0058,False,559.6262393333333,692.37987,29.2,3
PDAC0157,True,474.290026,678.4,9.6,2
PDAC0157,True,474.290026,522.4,9.6,2
PDAC0157,True,474.290026,423.3,9.6,2
PDAC0157,False,471.279961,672.37987,9.6,2
PDAC0157,False,471.279961,516.37987,9.6,2
PDAC0157,False,471.279961,417.27987,9.6,2
PDAC0051,True,773.361756,445.2,19.3,2
PDAC0051,True,773.361756,730.4,19.3,2
PDAC0051,True,773.361756,615.3,19.3,2
PDAC0051,True,515.910262666667,445.2,19.3,3
PDAC0051,True,515.910262666667,730.4,19.3,3
PDAC0051,True,515.910262666667,615.3,19.3,3
PDAC0051,False,770.3516910000001,439.2,19.3,2
PDAC0051,False,770.3516910000001,724.37987,19.3,2
PDAC0051,False,770.3516910000001,609.27987,19.3,2
PDAC0051,False,513.9035526666667,439.2,19.3,3
PDAC0051,False,513.9035526666667,724.37987,19.3,3
PDAC0051,False,513.9035526666667,609.27987,19.3,3
PDAC0023,True,499.248221,710.4,3.3000000000000003,2
PDAC0023,True,499.248221,811.5,3.3000000000000003,2
PDAC0023,True,499.248221,481.40000000000003,3.3000000000000003,2
PDAC0023,False,496.238156,704.4,3.3000000000000003,2
PDAC0023,False,496.238156,805.47987,3.3000000000000003,2
PDAC0023,False,496.238156,475.4,3.3000000000000003,2
PDAC0199,True,550.781891,682.4,15.2,2
PDAC0199,True,550.781891,781.4,15.2,2
PDAC0199,True,550.781891,452.3,15.2,2
PDAC0199,False,547.771826,676.37987,15.2,2
PDAC0199,False,547.771826,775.37987,15.2,2
PDAC0199,False,547.771826,446.3,15.2,2
PDAC0120,True,623.342646,791.5,25.6,2
PDAC0120,True,623.342646,678.4,25.6,2
PDAC0120,True,623.342646,607.4,25.6,2
PDAC0120,False,620.332581,785.47987,25.6,2
PDAC0120,False,620.332581,672.37987,25.6,2
PDAC0120,False,620.332581,601.37987,25.6,2
PDAC0122,True,559.331551,693.5,23.900000000000002,2
PDAC0122,True,559.331551,792.5,23.900000000000002,2
PDAC0122,True,559.331551,580.4,23.900000000000002,2
PDAC0122,False,556.321486,687.47987,23.900000000000002,2
PDAC0122,False,556.321486,786.47987,23.900000000000002,2
PDAC0122,False,556.321486,574.37987,23.900000000000002,2
PDAC0169,True,433.257861,651.5,19.200000000000003,2
PDAC0169,True,433.257861,538.4,19.200000000000003,2
PDAC0169,True,433.257861,424.3,19.200000000000003,2
PDAC0169,False,430.247796,645.47987,19.200000000000003,2
PDAC0169,False,430.247796,532.37987,19.200000000000003,2
PDAC0169,False,430.247796,418.27987,19.200000000000003,2
PDAC0078,True,528.776466,755.5,27.8,2
PDAC0078,True,528.776466,656.4,27.8,2
PDAC0078,True,528.776466,543.3,27.8,2
PDAC0078,False,525.7664010000001,749.47987,27.8,2
PDAC0078,False,525.7664010000001,650.37987,27.8,2
PDAC0078,False,525.7664010000001,537.27987,27.8,2
PDAC0118,True,815.893756,676.4,18.0,2
PDAC0118,True,815.893756,920.5,18.0,2
PDAC0118,True,815.893756,791.5,18.0,2
PDAC0118,True,544.264929333333,676.4,18.0,3
PDAC0118,True,544.264929333333,920.5,18.0,3
PDAC0118,True,544.264929333333,791.5,18.0,3
PDAC0118,False,812.883691,670.37987,18.0,2
PDAC0118,False,812.883691,914.47987,18.0,2
PDAC0118,False,812.883691,785.47987,18.0,2
PDAC0118,False,542.2582193333333,670.37987,18.0,3
PDAC0118,False,542.2582193333333,914.47987,18.0,3
PDAC0118,False,542.2582193333333,785.47987,18.0,3
PDAC0129,True,764.937431,692.5,29.1,2
PDAC0129,True,764.937431,888.6,29.1,2
PDAC0129,True,764.937431,1003.6,29.1,2
PDAC0129,False,761.927366,686.47987,29.1,2
PDAC0129,False,761.927366,882.57987,29.1,2
PDAC0129,False,761.927366,997.57987,29.1,2
PDAC0153,True,894.467081,923.5,29.700000000000003,2
PDAC0153,True,894.467081,755.4,29.700000000000003,2
PDAC0153,True,894.467081,425.3,29.700000000000003,2
PDAC0153,True,596.647146,923.5,29.700000000000003,3
PDAC0153,True,596.647146,755.4,29.700000000000003,3
PDAC0153,True,596.647146,425.3,29.700000000000003,3
PDAC0153,False,891.4570160000001,917.47987,29.700000000000003,2
PDAC0153,False,891.4570160000001,749.37987,29.700000000000003,2
PDAC0153,False,891.4570160000001,419.27987,29.700000000000003,2
PDAC0153,False,594.640436,917.47987,29.700000000000003,3
PDAC0153,False,594.640436,749.37987,29.700000000000003,3
PDAC0153,False,594.640436,419.27987,29.700000000000003,3
PDAC0090,True,612.283316,495.3,4.3,2
PDAC0090,True,612.283316,380.3,4.3,2
PDAC0090,True,612.283316,722.4,4.3,2
PDAC0090,False,609.2732510000001,489.27987,4.3,2
PDAC0090,False,609.2732510000001,374.27987,4.3,2
PDAC0090,False,609.2732510000001,716.4,4.3,2
PDAC0151,True,449.752411,414.3,19.0,2
PDAC0151,True,449.752411,267.2,19.0,2
PDAC0151,True,449.752411,527.4,19.0,2
PDAC0151,False,446.742346,408.27987,19.0,2
PDAC0151,False,446.742346,261.17987,19.0,2
PDAC0151,False,446.742346,521.37987,19.0,2
PDAC0160,True,638.829371,669.4,24.8,2
PDAC0160,True,638.829371,913.5,24.8,2
PDAC0160,True,638.829371,412.2,24.8,2
PDAC0160,False,635.8193060000001,663.37987,24.8,2
PDAC0160,False,635.8193060000001,907.47987,24.8,2
PDAC0160,False,635.8193060000001,406.17987,24.8,2
PDAC0043,True,886.480186,620.4,26.9,2
PDAC0043,True,886.480186,749.5,26.9,2
PDAC0043,True,886.480186,523.4,26.9,2
PDAC0043,True,591.322549333333,620.4,26.9,3
PDAC0043,True,591.322549333333,749.5,26.9,3
PDAC0043,True,591.322549333333,523.4,26.9,3
PDAC0043,False,883.4701210000001,614.37987,26.9,2
PDAC0043,False,883.4701210000001,743.47987,26.9,2
PDAC0043,False,883.4701210000001,517.37987,26.9,2
PDAC0043,False,589.3158393333333,614.37987,26.9,3
PDAC0043,False,589.3158393333333,743.47987,26.9,3
PDAC0043,False,589.3158393333333,517.37987,26.9,3
PDAC0007,True,1060.472296,526.3,30.8,2
PDAC0007,True,1060.472296,397.2,30.8,2
PDAC0007,True,1060.472296,754.4,30.8,2
PDAC0007,True,707.317289333333,526.3,30.8,3
PDAC0007,True,707.317289333333,397.2,30.8,3
PDAC0007,True,707.317289333333,754.4,30.8,3
PDAC0007,False,1057.4622310000002,520.27987,30.8,2
PDAC0007,False,1057.4622310000002,391.17987,30.8,2
PDAC0007,False,1057.4622310000002,748.37987,30.8,2
PDAC0007,False,705.3105793333334,520.27987,30.8,3
PDAC0007,False,705.3105793333334,391.17987,30.8,3
PDAC0007,False,705.3105793333334,748.37987,30.8,3
PDAC0052,True,457.749871,353.2,8.9,2
PDAC0052,True,457.749871,452.3,8.9,2
PDAC0052,True,457.749871,672.4,8.9,2
PDAC0052,False,454.739806,347.2,8.9,2
PDAC0052,False,454.739806,446.27987,8.9,2
PDAC0052,False,454.739806,666.37987,8.9,2
PDAC0064,True,793.448161,736.4,33.4,2
PDAC0064,True,793.448161,508.3,33.4,2
PDAC0064,True,793.448161,421.3,33.4,2
PDAC0064,True,529.301199333333,736.4,33.4,3
PDAC0064,True,529.301199333333,508.3,33.4,3
PDAC0064,True,529.301199333333,421.3,33.4,3
PDAC0064,False,790.4380960000001,730.37987,33.4,2
PDAC0064,False,790.4380960000001,502.27987,33.4,2
PDAC0064,False,790.4380960000001,415.27987,33.4,2
PDAC0064,False,527.2944893333333,730.37987,33.4,3
PDAC0064,False,527.2944893333333,502.27987,33.4,3
PDAC0064,False,527.2944893333333,415.27987,33.4,3
PDAC0069,True,552.803156,537.3,14.6,2
PDAC0069,True,552.803156,650.4,14.6,2
PDAC0069,True,552.803156,424.2,14.6,2
PDAC0069,False,549.793091,531.27987,14.6,2
PDAC0069,False,549.793091,644.37987,14.6,2
PDAC0069,False,549.793091,418.17987,14.6,2
PDAC0077,True,495.265881,448.3,6.3999999999999995,2
PDAC0077,True,495.265881,547.4,6.3999999999999995,2
PDAC0077,True,495.265881,763.5,6.3999999999999995,2
PDAC0077,False,492.255816,442.27987,6.3999999999999995,2
PDAC0077,False,492.255816,541.37987,6.3999999999999995,2
PDAC0077,False,492.255816,757.5,6.3999999999999995,2
PDAC0168,True,467.270966,492.4,11.2,2
PDAC0168,True,467.270966,563.4,11.2,2
PDAC0168,True,467.270966,676.5,11.2,2
PDAC0168,False,464.260901,486.37987,11.2,2
PDAC0168,False,464.260901,557.37987,11.2,2
PDAC0168,False,464.260901,670.47987,11.2,2
PDAC0107,True,968.462526,502.3,28.9,2
PDAC0107,True,968.462526,672.4,28.9,2
PDAC0107,True,968.462526,785.5,28.9,2
PDAC0107,True,645.977442666667,502.3,28.9,3
PDAC0107,True,645.977442666667,672.4,28.9,3
PDAC0107,True,645.977442666667,785.5,28.9,3
PDAC0107,False,965.4524610000001,496.3,28.9,2
PDAC0107,False,965.4524610000001,666.37987,28.9,2
PDAC0107,False,965.4524610000001,779.47987,28.9,2
PDAC0107,False,643.9707326666667,496.3,28.9,3
PDAC0107,False,643.9707326666667,666.37987,28.9,3
PDAC0107,False,643.9707326666667,779.47987,28.9,3
PDAC0126,True,947.992596,928.5,36.8,2
PDAC0126,True,947.992596,718.4,36.8,2
PDAC0126,True,947.992596,518.3,36.8,2
PDAC0126,False,944.982531,922.47987,36.8,2
PDAC0126,False,944.982531,712.37987,36.8,2
PDAC0126,False,944.982531,512.27987,36.8,2
PDAC0137,True,544.818276,593.4,15.9,2
PDAC0137,True,544.818276,860.6,15.9,2
PDAC0137,True,544.818276,692.5,15.9,2
PDAC0137,False,541.808211,587.37987,15.9,2
PDAC0137,False,541.808211,854.57987,15.9,2
PDAC0137,False,541.808211,686.47987,15.9,2
PDAC0172,True,634.340436,353.20000000000005,23.8,2
PDAC0172,True,634.340436,707.5,23.8,2
PDAC0172,True,634.340436,594.4,23.8,2
PDAC0172,False,631.330371,347.2,23.8,2
PDAC0172,False,631.330371,701.47987,23.8,2
PDAC0172,False,631.330371,588.37987,23.8,2
PDAC0087,True,407.723656,554.3,7.6,2
PDAC0087,True,407.723656,667.4,7.6,2
PDAC0087,True,407.723656,439.3,7.6,2
PDAC0087,False,404.713591,548.27987,7.6,2
PDAC0087,False,404.713591,661.37987,7.6,2
PDAC0087,False,404.713591,433.27987,7.6,2
PDAC0144,True,588.815736,916.5,22.3,2
PDAC0144,True,588.815736,369.2,22.3,2
PDAC0144,True,588.815736,631.3,22.3,2
PDAC0144,False,585.8056710000001,910.47987,22.3,2
PDAC0144,False,585.8056710000001,363.17987,22.3,2
PDAC0144,False,585.8056710000001,625.27987,22.3,2
PDAC0024,True,535.794806,700.4,21.2,2
PDAC0024,True,535.794806,587.4,21.2,2
PDAC0024,True,535.794806,813.5,21.2,2
PDAC0024,False,532.784741,694.37987,21.2,2
PDAC0024,False,532.784741,581.37987,21.2,2
PDAC0024,False,532.784741,807.47987,21.2,2
PDAC0060,True,522.284406,621.4,25.2,2
PDAC0060,True,522.284406,768.4,25.2,2
PDAC0060,True,522.284406,524.3,25.2,2
PDAC0060,False,519.274341,615.37987,25.2,2
PDAC0060,False,519.274341,762.37987,25.2,2
PDAC0060,False,519.274341,518.27987,25.2,2
PDAC0073,True,941.972391,643.4,27.3,2
PDAC0073,True,941.972391,514.3,27.3,2
PDAC0073,True,941.972391,1126.6,27.3,2
PDAC0073,False,938.9623260000001,637.37987,27.3,2
PDAC0073,False,938.9623260000001,508.27986999999996,27.3,2
PDAC0073,False,938.9623260000001,1120.5798699999998,27.3,2
PDAC0186,True,601.337166,803.5,36.2,2
PDAC0186,True,601.337166,656.4,36.2,2
PDAC0186,True,601.337166,543.3,36.2,2
PDAC0186,False,598.3271010000001,797.47987,36.2,2
PDAC0186,False,598.3271010000001,650.37987,36.2,2
PDAC0186,False,598.3271010000001,537.27987,36.2,2
PDAC0014,True,705.839611,552.3,6.7,2
PDAC0014,True,705.839611,438.3,6.7,2
PDAC0014,True,705.839611,680.4,6.7,2
PDAC0014,True,470.895499333333,552.3,6.7,3
PDAC0014,True,470.895499333333,438.3,6.7,3
PDAC0014,True,470.895499333333,680.4,6.7,3
PDAC0014,False,702.829546,546.27987,6.7,2
PDAC0014,False,702.829546,432.27987,6.7,2
PDAC0014,False,702.829546,674.37987,6.7,2
PDAC0014,False,468.8887893333333,546.27987,6.7,3
PDAC0014,False,468.8887893333333,432.27987,6.7,3
PDAC0014,False,468.8887893333333,674.37987,6.7,3
PDAC0044,True,710.885536,620.4,15.799999999999999,2
PDAC0044,True,710.885536,452.3,15.799999999999999,2
PDAC0044,True,710.885536,523.4,15.799999999999999,2
PDAC0044,True,474.259449333333,620.4,15.799999999999999,3
PDAC0044,True,474.259449333333,452.3,15.799999999999999,3
PDAC0044,True,474.259449333333,523.4,15.799999999999999,3
PDAC0044,False,707.8754710000001,614.37987,15.799999999999999,2
PDAC0044,False,707.8754710000001,446.27987,15.799999999999999,2
PDAC0044,False,707.8754710000001,517.37987,15.799999999999999,2
PDAC0044,False,472.2527393333333,614.37987,15.799999999999999,3
PDAC0044,False,472.2527393333333,446.27987,15.799999999999999,3
PDAC0044,False,472.2527393333333,517.37987,15.799999999999999,3
PDAC0179,True,614.812676,640.4,15.0,2
PDAC0179,True,614.812676,375.3,15.0,2
PDAC0179,True,614.812676,543.4,15.0,2
PDAC0179,False,611.8026110000001,634.37987,15.0,2
PDAC0179,False,611.8026110000001,369.27987,15.0,2
PDAC0179,False,611.8026110000001,537.37987,15.0,2
PDAC0097,True,520.763701,870.4,9.1,2
PDAC0097,True,520.763701,339.2,9.1,2
PDAC0097,True,520.763701,696.4,9.1,2
PDAC0097,False,517.753636,864.37987,9.1,2
PDAC0097,False,517.753636,333.17987,9.1,2
PDAC0097,False,517.753636,690.37987,9.1,2
PDAC0133,True,645.842811,689.4,12.7,2
PDAC0133,True,645.842811,760.5,12.7,2
PDAC0133,True,645.842811,907.5,12.7,2
PDAC0133,False,642.832746,683.37987,12.7,2
PDAC0133,False,642.832746,754.47987,12.7,2
PDAC0133,False,642.832746,901.5,12.7,2
PDAC0031,True,807.903926,558.4,18.6,2
PDAC0031,True,807.903926,445.3,18.6,2
PDAC0031,True,807.903926,657.4,18.6,2
PDAC0031,True,538.938376,558.4,18.6,3
PDAC0031,True,538.938376,445.3,18.6,3
PDAC0031,True,538.938376,657.4,18.6,3
PDAC0031,False,804.893861,552.37987,18.6,2
PDAC0031,False,804.893861,439.3,18.6,2
PDAC0031,False,804.893861,651.4,18.6,2
PDAC0031,False,536.931666,552.37987,18.6,3
PDAC0031,False,536.931666,439.3,18.6,3
PDAC0031,False,536.931666,651.4,18.6,3
PDAC0093,True,440.253111,607.4,9.299999999999999,2
PDAC0093,True,440.253111,407.4,9.299999999999999,2
PDAC0093,True,440.253111,478.4,9.299999999999999,2
PDAC0093,False,437.243046,601.4,9.299999999999999,2
PDAC0093,False,437.243046,401.37987,9.299999999999999,2
PDAC0093,False,437.243046,472.37987,9.299999999999999,2
PDAC0155,True,345.181626,531.3,4.0,2
PDAC0155,True,345.181626,357.2,4.0,2
PDAC0155,True,345.181626,444.3,4.0,2
PDAC0155,False,342.171561,525.27987,4.0,2
PDAC0155,False,342.171561,351.2,4.0,2
PDAC0155,False,342.171561,438.27987,4.0,2
PDAC0127,True,818.443411,436.3,29.4,2
PDAC0127,True,818.443411,323.3,29.4,2
PDAC0127,True,818.443411,663.5,29.4,2
PDAC0127,False,815.433346,430.27987,29.4,2
PDAC0127,False,815.433346,317.27987,29.4,2
PDAC0127,False,815.433346,657.47987,29.4,2
PDAC0164,True,514.268756,890.5,12.7,2
PDAC0164,True,514.268756,761.5,12.7,2
PDAC0164,True,514.268756,591.4,12.7,2
PDAC0164,True,343.181596,890.5,12.7,3
PDAC0164,True,343.181596,761.5,12.7,3
PDAC0164,True,343.181596,591.4,12.7,3
PDAC0164,False,511.258691,884.5,12.7,2
PDAC0164,False,511.258691,755.47987,12.7,2
PDAC0164,False,511.258691,585.4,12.7,2
PDAC0164,False,341.174886,884.5,12.7,3
PDAC0164,False,341.174886,755.47987,12.7,3
PDAC0164,False,341.174886,585.4,12.7,3
PDAC0088,True,581.813526,436.40000000000003,14.0,2
PDAC0088,True,581.813526,323.3,14.0,2
PDAC0088,True,581.813526,565.4,14.0,2
PDAC0088,False,578.8034610000001,430.4,14.0,2
PDAC0088,False,578.8034610000001,317.27987,14.0,2
PDAC0088,False,578.8034610000001,559.4,14.0,2
PDAC0131,True,637.832781,540.4,8.6,2
PDAC0131,True,637.832781,725.5,8.6,2
PDAC0131,True,637.832781,377.3,8.6,2
PDAC0131,True,425.557612666667,540.4,8.6,3
PDAC0131,True,425.557612666667,725.5,8.6,3
PDAC0131,True,425.557612666667,377.3,8.6,3
PDAC0131,False,634.822716,534.37987,8.6,2
PDAC0131,False,634.822716,719.5,8.6,2
PDAC0131,False,634.822716,371.27987,8.6,2
PDAC0131,False,423.5509026666666,534.37987,8.6,3
PDAC0131,False,423.5509026666666,719.5,8.6,3
PDAC0131,False,423.5509026666666,371.27987,8.6,3
PDAC0037,True,619.808971,597.3,4.8,2
PDAC0037,True,619.808971,510.3,4.8,2
PDAC0037,True,619.808971,395.3,4.8,2
PDAC0037,True,413.541739333333,597.3,4.8,3
PDAC0037,True,413.541739333333,510.3,4.8,3
PDAC0037,True,413.541739333333,395.3,4.8,3
PDAC0037,False,616.7989060000001,591.27987,4.8,2
PDAC0037,False,616.7989060000001,504.27987,4.8,2
PDAC0037,False,616.7989060000001,389.27987,4.8,2
PDAC0037,False,411.53502933333334,591.27987,4.8,3
PDAC0037,False,411.53502933333334,504.27987,4.8,3
PDAC0037,False,411.53502933333334,389.27987,4.8,3
PDAC0149,True,415.744921,565.4,4.3999999999999995,2
PDAC0149,True,415.744921,693.4,4.3999999999999995,2
PDAC0149,True,415.744921,337.3,4.3999999999999995,2
PDAC0149,False,412.734856,559.37987,4.3999999999999995,2
PDAC0149,False,412.734856,687.37987,4.3999999999999995,2
PDAC0149,False,412.734856,331.3,4.3999999999999995,2
PDAC0038,True,437.224021,689.4,4.0,2
PDAC0038,True,437.224021,760.4,4.0,2
PDAC0038,True,437.224021,526.3,4.0,2
PDAC0038,False,434.213956,683.37987,4.0,2
PDAC0038,False,434.213956,754.37987,4.0,2
PDAC0038,False,434.213956,520.27987,4.0,2
PDAC0095,True,450.742046,672.4,16.6,2
PDAC0095,True,450.742046,787.4,16.6,2
PDAC0095,True,450.742046,444.3,16.6,2
PDAC0095,False,447.73198099999996,666.37987,16.6,2
PDAC0095,False,447.73198099999996,781.37987,16.6,2
PDAC0095,False,447.73198099999996,438.27987,16.6,2
PDAC0096,True,906.980886,379.4,15.9,2
PDAC0096,True,906.980886,450.4,15.9,2
PDAC0096,True,906.980886,674.5,15.9,2
PDAC0096,True,604.989682666667,379.4,15.9,3
PDAC0096,True,604.989682666667,450.4,15.9,3
PDAC0096,True,604.989682666667,674.5,15.9,3
PDAC0096,False,903.970821,373.37987,15.9,2
PDAC0096,False,903.970821,444.37987,15.9,2
PDAC0096,False,903.970821,668.47987,15.9,2
PDAC0096,False,602.9829726666666,373.37987,15.9,3
PDAC0096,False,602.9829726666666,444.37987,15.9,3
PDAC0096,False,602.9829726666666,668.47987,15.9,3
PDAC0158,True,551.329146,559.4,10.799999999999999,2
PDAC0158,True,551.329146,323.2,10.799999999999999,2
PDAC0158,True,551.329146,422.3,10.799999999999999,2
PDAC0158,True,367.888522666667,559.4,10.799999999999999,3
PDAC0158,True,367.888522666667,323.2,10.799999999999999,3
PDAC0158,True,367.888522666667,422.3,10.799999999999999,3
PDAC0158,False,548.3190810000001,553.4,10.799999999999999,2
PDAC0158,False,548.3190810000001,317.17987,10.799999999999999,2
PDAC0158,False,548.3190810000001,416.27987,10.799999999999999,2
PDAC0158,False,365.8818126666667,553.4,10.799999999999999,3
PDAC0158,False,365.8818126666667,317.17987,10.799999999999999,3
PDAC0158,False,365.8818126666667,416.27987,10.799999999999999,3
PDAC0102,True,710.376681,1193.6,21.1,2
PDAC0102,True,710.376681,1030.6,21.1,2
PDAC0102,True,710.376681,755.4,21.1,2
PDAC0102,False,707.366616,1187.5798699999998,21.1,2
PDAC0102,False,707.366616,1024.5798699999998,21.1,2
PDAC0102,False,707.366616,749.37987,21.1,2
PDAC0132,True,473.786786,720.4,12.1,2
PDAC0132,True,473.786786,493.3,12.1,2
PDAC0132,True,473.786786,607.4,12.1,2
PDAC0132,False,470.776721,714.37987,12.1,2
PDAC0132,False,470.776721,487.27987,12.1,2
PDAC0132,False,470.776721,601.37987,12.1,2
PDAC0176,True,480.302601,733.5,23.5,2
PDAC0176,True,480.302601,619.4,23.5,2
PDAC0176,True,480.302601,846.6,23.5,2
PDAC0176,False,477.292536,727.47987,23.5,2
PDAC0176,False,477.292536,613.37987,23.5,2
PDAC0176,False,477.292536,840.57987,23.5,2
PDAC0039,True,552.323726,778.5,14.4,2
PDAC0039,True,552.323726,337.3,14.4,2
PDAC0039,True,552.323726,622.4,14.4,2
PDAC0039,False,549.313661,772.5,14.4,2
PDAC0039,False,549.313661,331.27987,14.4,2
PDAC0039,False,549.313661,616.37987,14.4,2
PDAC0167,True,818.922846,582.4,11.5,2
PDAC0167,True,818.922846,453.3,11.5,2
PDAC0167,True,818.922846,695.5,11.5,2
PDAC0167,True,546.284322666667,582.4,11.5,3
PDAC0167,True,546.284322666667,453.3,11.5,3
PDAC0167,True,546.284322666667,695.5,11.5,3
PDAC0167,False,815.912781,576.4,11.5,2
PDAC0167,False,815.912781,447.27987,11.5,2
PDAC0167,False,815.912781,689.47987,11.5,2
PDAC0167,False,544.2776126666666,576.4,11.5,3
PDAC0167,False,544.2776126666666,447.27987,11.5,3
PDAC0167,False,544.2776126666666,689.47987,11.5,3
PDAC0187,True,553.247031,818.3,4.1,2
PDAC0187,True,553.247031,411.2,4.1,2
PDAC0187,True,553.247031,540.3,4.1,2
PDAC0187,False,550.236966,812.3,4.1,2
PDAC0187,False,550.236966,405.17987,4.1,2
PDAC0187,False,550.236966,534.27987,4.1,2
PDAC0117,True,1041.520231,635.4,26.8,2
PDAC0117,True,1041.520231,823.5,26.8,2
PDAC0117,True,1041.520231,736.4,26.8,2
PDAC0117,True,694.682579333333,635.4,26.8,3
PDAC0117,True,694.682579333333,823.5,26.8,3
PDAC0117,True,694.682579333333,736.4,26.8,3
PDAC0117,False,1038.510166,629.37987,26.8,2
PDAC0117,False,1038.510166,817.47987,26.8,2
PDAC0117,False,1038.510166,730.37987,26.8,2
PDAC0117,False,692.6758693333333,629.37987,26.8,3
PDAC0117,False,692.6758693333333,817.47987,26.8,3
PDAC0117,False,692.6758693333333,730.37987,26.8,3
PDAC0083,True,843.937631,828.5,38.6,2
PDAC0083,True,843.937631,729.5,38.6,2
PDAC0083,True,843.937631,397.3,38.6,2
PDAC0083,True,562.960846,828.5,38.6,3
PDAC0083,True,562.960846,729.5,38.6,3
PDAC0083,True,562.960846,397.3,38.6,3
PDAC0083,False,840.9275660000001,822.5,38.6,2
PDAC0083,False,840.9275660000001,723.47987,38.6,2
PDAC0083,False,840.9275660000001,391.27987,38.6,2
PDAC0083,False,560.954136,822.5,38.6,3
PDAC0083,False,560.954136,723.47987,38.6,3
PDAC0083,False,560.954136,391.27987,38.6,3
PDAC0081,True,521.797346,830.5,16.1,2
PDAC0081,True,521.797346,644.4,16.1,2
PDAC0081,True,521.797346,759.4,16.1,2
PDAC0081,False,518.787281,824.47987,16.1,2
PDAC0081,False,518.787281,638.37987,16.1,2
PDAC0081,False,518.787281,753.37987,16.1,2
PDAC0175,True,796.442881,1065.7,34.4,2
PDAC0175,True,796.442881,742.4,34.4,2
PDAC0175,True,796.442881,1379.8,34.4,2
PDAC0175,False,793.432816,1059.67987,34.4,2
PDAC0175,False,793.432816,736.37987,34.4,2
PDAC0175,False,793.432816,1373.7798699999998,34.4,2
PDAC0055,True,681.361366,595.3,21.3,2
PDAC0055,True,681.361366,481.2,21.3,2
PDAC0055,True,681.361366,366.2,21.3,2
PDAC0055,True,454.576669333333,595.3,21.3,3
PDAC0055,True,454.576669333333,481.2,21.3,3
PDAC0055,True,454.576669333333,366.2,21.3,3
PDAC0055,False,678.351301,589.27987,21.3,2
PDAC0055,False,678.351301,475.17987,21.3,2
PDAC0055,False,678.351301,360.17987,21.3,2
PDAC0055,False,452.5699593333333,589.27987,21.3,3
PDAC0055,False,452.5699593333333,475.17987,21.3,3
PDAC0055,False,452.5699593333333,360.17987,21.3,3
PDAC0135,True,502.807716,691.5,18.3,2
PDAC0135,True,502.807716,820.5,18.3,2
PDAC0135,True,502.807716,891.6,18.3,2
PDAC0135,False,499.797651,685.47987,18.3,2
PDAC0135,False,499.797651,814.47987,18.3,2
PDAC0135,False,499.797651,885.6,18.3,2
PDAC0173,True,708.913231,307.3,23.5,2
PDAC0173,True,708.913231,729.5,23.5,2
PDAC0173,True,708.913231,503.4,23.5,2
PDAC0173,False,705.903166,301.27987,23.5,2
PDAC0173,False,705.903166,723.47987,23.5,2
PDAC0173,False,705.903166,497.37987,23.5,2
PDAC0115,True,757.869416,667.4,22.8,2
PDAC0115,True,757.869416,352.3,22.8,2
PDAC0115,True,757.869416,451.3,22.8,2
PDAC0115,True,505.582036,667.4,22.8,3
PDAC0115,True,505.582036,352.3,22.8,3
PDAC0115,True,505.582036,451.3,22.8,3
PDAC0115,False,754.8593510000001,661.37987,22.8,2
PDAC0115,False,754.8593510000001,346.27987,22.8,2
PDAC0115,False,754.8593510000001,445.27987,22.8,2
PDAC0115,False,503.57532599999996,661.37987,22.8,3
PDAC0115,False,503.57532599999996,346.27987,22.8,3
PDAC0115,False,503.57532599999996,445.27987,22.8,3
PDAC0166,True,1073.567321,695.4,27.4,2
PDAC0166,True,1073.567321,794.5,27.4,2
PDAC0166,True,1073.567321,638.4,27.4,2
PDAC0166,True,716.047306,695.4,27.4,3
PDAC0166,True,716.047306,794.5,27.4,3
PDAC0166,True,716.047306,638.4,27.4,3
PDAC0166,False,1070.557256,689.37987,27.4,2
PDAC0166,False,1070.557256,788.47987,27.4,2
PDAC0166,False,1070.557256,632.37987,27.4,2
PDAC0166,False,714.0405959999999,689.37987,27.4,3
PDAC0166,False,714.0405959999999,788.47987,27.4,3
PDAC0166,False,714.0405959999999,632.37987,27.4,3
PDAC0150,True,519.805506,778.5,22.1,2
PDAC0150,True,519.805506,649.4,22.1,2
PDAC0150,True,519.805506,925.5,22.1,2
PDAC0150,False,516.7954410000001,772.47987,22.1,2
PDAC0150,False,516.7954410000001,643.37987,22.1,2
PDAC0150,False,516.7954410000001,919.47987,22.1,2
PDAC0092,True,535.794806,624.4,20.5,2
PDAC0092,True,535.794806,753.5,20.5,2
PDAC0092,True,535.794806,509.4,20.5,2
PDAC0092,False,532.784741,618.4,20.5,2
PDAC0092,False,532.784741,747.5,20.5,2
PDAC0092,False,532.784741,503.37987,20.5,2
PDAC0114,True,603.363381,835.5,19.5,2
PDAC0114,True,603.363381,764.5,19.5,2
PDAC0114,True,603.363381,651.4,19.5,2
PDAC0114,False,600.3533160000001,829.47987,19.5,2
PDAC0114,False,600.3533160000001,758.47987,19.5,2
PDAC0114,False,600.3533160000001,645.37987,19.5,2
PDAC0123,True,518.310621,809.5,18.0,2
PDAC0123,True,518.310621,625.4,18.0,2
PDAC0123,True,518.310621,738.5,18.0,2
PDAC0123,False,515.300556,803.47987,18.0,2
PDAC0123,False,515.300556,619.37987,18.0,2
PDAC0123,False,515.300556,732.47987,18.0,2
PDAC0138,True,520.781891,814.4,6.1,2
PDAC0138,True,520.781891,656.3,6.1,2
PDAC0138,True,520.781891,369.2,6.1,2
PDAC0138,False,517.771826,808.37987,6.1,2
PDAC0138,False,517.771826,650.27987,6.1,2
PDAC0138,False,517.771826,363.17987,6.1,2
PDAC0036,True,586.821881,631.4,14.2,2
PDAC0036,True,586.821881,447.3,14.2,2
PDAC0036,True,586.821881,534.3,14.2,2
PDAC0036,True,391.550346,631.4,14.2,3
PDAC0036,True,391.550346,447.3,14.2,3
PDAC0036,True,391.550346,534.3,14.2,3
PDAC0036,False,583.811816,625.37987,14.2,2
PDAC0036,False,583.811816,441.3,14.2,2
PDAC0036,False,583.811816,528.27987,14.2,2
PDAC0036,False,389.54363599999994,625.37987,14.2,3
PDAC0036,False,389.54363599999994,441.3,14.2,3
PDAC0036,False,389.54363599999994,528.27987,14.2,3
PDAC0170,True,759.903926,646.4,17.6,2
PDAC0170,True,759.903926,858.5,17.6,2
PDAC0170,True,759.903926,509.3,17.6,2
PDAC0170,True,506.938376,646.4,17.6,3
PDAC0170,True,506.938376,858.5,17.6,3
PDAC0170,True,506.938376,509.3,17.6,3
PDAC0170,False,756.893861,640.37987,17.6,2
PDAC0170,False,756.893861,852.5,17.6,2
PDAC0170,False,756.893861,503.27987,17.6,2
PDAC0170,False,504.93166599999995,640.37987,17.6,3
PDAC0170,False,504.93166599999995,852.5,17.6,3
PDAC0170,False,504.93166599999995,503.27987,17.6,3
PDAC0163,True,499.789856,757.5,13.1,2
PDAC0163,True,499.789856,686.4,13.1,2
PDAC0163,True,499.789856,486.3,13.1,2
PDAC0163,False,496.779791,751.47987,13.1,2
PDAC0163,False,496.779791,680.37987,13.1,2
PDAC0163,False,496.779791,480.27987,13.1,2
PDAC0041,True,816.906526,785.4,16.1,2
PDAC0041,True,816.906526,670.4,16.1,2
PDAC0041,True,816.906526,569.4,16.1,2
PDAC0041,False,813.896461,779.37987,16.1,2
PDAC0041,False,813.896461,664.37987,16.1,2
PDAC0041,False,813.896461,563.4,16.1,2
PDAC0098,True,740.908676,622.4,28.2,2
PDAC0098,True,740.908676,508.4,28.2,2
PDAC0098,True,740.908676,769.5,28.2,2
PDAC0098,True,494.274876,622.4,28.2,3
PDAC0098,True,494.274876,508.4,28.2,3
PDAC0098,True,494.274876,769.5,28.2,3
PDAC0098,False,737.8986110000001,616.37987,28.2,2
PDAC0098,False,737.8986110000001,502.4,28.2,2
PDAC0098,False,737.8986110000001,763.47987,28.2,2
PDAC0098,False,492.268166,616.37987,28.2,3
PDAC0098,False,492.268166,502.4,28.2,3
PDAC0098,False,492.268166,763.47987,28.2,3
PDAC0141,True,665.382631,492.3,13.5,2
PDAC0141,True,665.382631,620.3,13.5,2
PDAC0141,True,665.382631,395.2,13.5,2
PDAC0141,True,443.924179333333,492.3,13.5,3
PDAC0141,True,443.924179333333,620.3,13.5,3
PDAC0141,True,443.924179333333,395.2,13.5,3
PDAC0141,False,662.372566,486.27987,13.5,2
PDAC0141,False,662.372566,614.27987,13.5,2
PDAC0141,False,662.372566,389.17987,13.5,2
PDAC0141,False,441.91746933333326,486.27987,13.5,3
PDAC0141,False,441.91746933333326,614.27987,13.5,3
PDAC0141,False,441.91746933333326,389.17987,13.5,3
PDAC0130,True,772.419741,694.4,12.0,2
PDAC0130,True,772.419741,964.6,12.0,2
PDAC0130,True,772.419741,453.3,12.0,2
PDAC0130,True,515.282252666667,694.4,12.0,3
PDAC0130,True,515.282252666667,964.6,12.0,3
PDAC0130,True,515.282252666667,453.3,12.0,3
PDAC0130,False,769.409676,688.4,12.0,2
PDAC0130,False,769.409676,958.6,12.0,2
PDAC0130,False,769.409676,447.27987,12.0,2
PDAC0130,False,513.2755426666666,688.4,12.0,3
PDAC0130,False,513.2755426666666,958.6,12.0,3
PDAC0130,False,513.2755426666666,447.27987,12.0,3
PDAC0140,True,703.848291,522.29781,19.2,2
PDAC0140,True,703.848291,609.32984,19.2,2
PDAC0140,True,703.848291,756.39825,19.2,2
PDAC0140,False,700.8382260000001,516.27768,19.2,2
PDAC0140,False,700.8382260000001,603.30971,19.2,2
PDAC0140,False,700.8382260000001,750.37812,19.2,2
PDAC0188,True,510.313161,609.4,14.5,2
PDAC0188,True,510.313161,807.5,14.5,2
PDAC0188,True,510.313161,708.4,14.5,2
PDAC0188,False,507.303096,603.37987,14.5,2
PDAC0188,False,507.303096,801.47987,14.5,2
PDAC0188,False,507.303096,702.37987,14.5,2
PDAC0189,True,360.247101,507.4,7.0,2
PDAC0189,True,360.247101,408.3,7.0,2
PDAC0189,True,360.247101,309.2,7.0,2
PDAC0189,False,357.237036,501.37987,7.0,2
PDAC0189,False,357.237036,402.27987,7.0,2
PDAC0189,False,357.237036,303.17987,7.0,2
PDAC0121,True,560.808246,821.5,15.7,2
PDAC0121,True,560.808246,720.4,15.7,2
PDAC0121,True,560.808246,339.2,15.7,2
PDAC0121,False,557.798181,815.47987,15.7,2
PDAC0121,False,557.798181,714.37987,15.7,2
PDAC0121,False,557.798181,333.17987,15.7,2
PDAC0032,True,437.741846,613.4,22.3,2
PDAC0032,True,437.741846,484.4,22.3,2
PDAC0032,True,437.741846,371.3,22.3,2
PDAC0032,False,434.731781,607.37987,22.3,2
PDAC0032,False,434.731781,478.37987,22.3,2
PDAC0032,False,434.731781,365.27987,22.3,2
PDAC0011,True,480.199891,453.2,5.1,2
PDAC0011,True,480.199891,621.3,5.1,2
PDAC0011,True,480.199891,339.2,5.1,2
PDAC0011,True,320.469019333333,453.2,5.1,3
PDAC0011,True,320.469019333333,621.3,5.1,3
PDAC0011,True,320.469019333333,339.2,5.1,3
PDAC0011,False,477.189826,447.2,5.1,2
PDAC0011,False,477.189826,615.27987,5.1,2
PDAC0011,False,477.189826,333.17987,5.1,2
PDAC0011,False,318.46230933333334,447.2,5.1,3
PDAC0011,False,318.46230933333334,615.27987,5.1,3
PDAC0011,False,318.46230933333334,333.17987,5.1,3
PDAC0075,True,668.856116,353.3,24.3,2
PDAC0075,True,668.856116,1109.6,24.3,2
PDAC0075,True,668.856116,751.5,24.3,2
PDAC0075,False,665.8460510000001,347.3,24.3,2
PDAC0075,False,665.8460510000001,1103.5798699999998,24.3,2
PDAC0075,False,665.8460510000001,745.47987,24.3,2
PDAC0062,True,565.816601,519.3,14.7,2
PDAC0062,True,565.816601,735.4,14.7,2
PDAC0062,True,565.816601,806.4,14.7,2
PDAC0062,False,562.806536,513.27987,14.7,2
PDAC0062,False,562.806536,729.37987,14.7,2
PDAC0062,False,562.806536,800.37987,14.7,2
PDAC0124,True,744.887411,429.2,34.6,2
PDAC0124,True,744.887411,726.4,34.6,2
PDAC0124,True,744.887411,542.3,34.6,2
PDAC0124,False,741.8773460000001,423.17987,34.6,2
PDAC0124,False,741.8773460000001,720.37987,34.6,2
PDAC0124,False,741.8773460000001,536.27987,34.6,2
PDAC0094,True,409.229106,477.4,4.8999999999999995,2
PDAC0094,True,409.229106,703.5,4.8999999999999995,2
PDAC0094,True,409.229106,606.4,4.8999999999999995,2
PDAC0094,False,406.219041,471.37987,4.8999999999999995,2
PDAC0094,False,406.219041,697.5,4.8999999999999995,2
PDAC0094,False,406.219041,600.37987,4.8999999999999995,2
PDAC0074,True,1031.015786,988.5,28.200000000000003,2
PDAC0074,True,1031.015786,851.4,28.200000000000003,2
PDAC0074,True,1031.015786,681.3,28.200000000000003,2
PDAC0074,True,687.679616,988.5,28.200000000000003,3
PDAC0074,True,687.679616,851.4,28.200000000000003,3
PDAC0074,True,687.679616,681.3,28.200000000000003,3
PDAC0074,False,1028.005721,982.5,28.200000000000003,2
PDAC0074,False,1028.005721,845.37987,28.200000000000003,2
PDAC0074,False,1028.005721,675.27987,28.200000000000003,2
PDAC0074,False,685.6729059999999,982.5,28.200000000000003,3
PDAC0074,False,685.6729059999999,845.37987,28.200000000000003,3
PDAC0074,False,685.6729059999999,675.27987,28.200000000000003,3
PDAC0145,True,834.930336,672.4,30.200000000000003,2
PDAC0145,True,834.930336,601.4,30.200000000000003,2
PDAC0145,True,834.930336,785.5,30.200000000000003,2
PDAC0145,True,556.955982666667,672.4,30.200000000000003,3
PDAC0145,True,556.955982666667,601.4,30.200000000000003,3
PDAC0145,True,556.955982666667,785.5,30.200000000000003,3
PDAC0145,False,831.9202710000001,666.37987,30.200000000000003,2
PDAC0145,False,831.9202710000001,595.37987,30.200000000000003,2
PDAC0145,False,831.9202710000001,779.47987,30.200000000000003,2
PDAC0145,False,554.9492726666666,666.37987,30.200000000000003,3
PDAC0145,False,554.9492726666666,595.37987,30.200000000000003,3
PDAC0145,False,554.9492726666666,779.47987,30.200000000000003,3
PDAC0004,True,756.897461,448.3,27.2,2
PDAC0004,True,756.897461,561.4,27.2,2
PDAC0004,True,756.897461,674.5,27.2,2
PDAC0004,True,504.934066,448.3,27.2,3
PDAC0004,True,504.934066,561.4,27.2,3
PDAC0004,True,504.934066,674.5,27.2,3
PDAC0004,False,753.8873960000001,442.27987,27.2,2
PDAC0004,False,753.8873960000001,555.37987,27.2,2
PDAC0004,False,753.8873960000001,668.5,27.2,2
PDAC0004,False,502.927356,442.27987,27.2,3
PDAC0004,False,502.927356,555.37987,27.2,3
PDAC0004,False,502.927356,668.5,27.2,3
PDAC0128,True,538.805701,761.5,19.1,2
PDAC0128,True,538.805701,860.5,19.1,2
PDAC0128,True,538.805701,480.3,19.1,2
PDAC0128,False,535.7956360000001,755.47987,19.1,2
PDAC0128,False,535.7956360000001,854.47987,19.1,2
PDAC0128,False,535.7956360000001,474.27987,19.1,2
PDAC0005,True,772.396761,536.3,34.5,2
PDAC0005,True,772.396761,746.5,34.5,2
PDAC0005,True,772.396761,423.3,34.5,2
PDAC0005,True,515.266932666667,536.3,34.5,3
PDAC0005,True,515.266932666667,746.5,34.5,3
PDAC0005,True,515.266932666667,423.3,34.5,3
PDAC0005,False,769.386696,530.27987,34.5,2
PDAC0005,False,769.386696,740.47987,34.5,2
PDAC0005,False,769.386696,417.27987,34.5,2
PDAC0005,False,513.2602226666667,530.27987,34.5,3
PDAC0005,False,513.2602226666667,740.47987,34.5,3
PDAC0005,False,513.2602226666667,417.27987,34.5,3
PDAC0027,True,775.887606,654.4,29.5,2
PDAC0027,True,775.887606,767.5,29.5,2
PDAC0027,True,775.887606,925.5,29.5,2
PDAC0027,False,772.8775410000001,648.37987,29.5,2
PDAC0027,False,772.8775410000001,761.47987,29.5,2
PDAC0027,False,772.8775410000001,919.47987,29.5,2
PDAC0101,True,518.281866,615.4,17.3,2
PDAC0101,True,518.281866,401.3,17.3,2
PDAC0101,True,518.281866,728.5,17.3,2
PDAC0101,False,515.2718010000001,609.37987,17.3,2
PDAC0101,False,515.2718010000001,395.27987,17.3,2
PDAC0101,False,515.2718010000001,722.47987,17.3,2
PDAC0017,True,995.946056,705.3,13.7,2
PDAC0017,True,995.946056,311.2,13.7,2
PDAC0017,True,995.946056,478.2,13.7,2
PDAC0017,True,664.299796,705.3,13.7,3
PDAC0017,True,664.299796,311.2,13.7,3
PDAC0017,True,664.299796,478.2,13.7,3
PDAC0017,False,992.9359910000001,699.3,13.7,2
PDAC0017,False,992.9359910000001,305.17987,13.7,2
PDAC0017,False,992.9359910000001,472.17987,13.7,2
PDAC0017,False,662.293086,699.3,13.7,3
PDAC0017,False,662.293086,305.17987,13.7,3
PDAC0017,False,662.293086,472.17987,13.7,3
PDAC0089,True,407.723656,399.3,9.7,2
PDAC0089,True,407.723656,613.4,9.7,2
PDAC0089,True,407.723656,514.3,9.7,2
PDAC0089,False,404.713591,393.27987,9.7,2
PDAC0089,False,404.713591,607.37987,9.7,2
PDAC0089,False,404.713591,508.27986999999996,9.7,2
PDAC0134,True,515.768591,815.5,22.400000000000002,2
PDAC0134,True,515.768591,702.4,22.400000000000002,2
PDAC0134,True,515.768591,486.3,22.400000000000002,2
PDAC0134,False,512.7585260000001,809.47987,22.400000000000002,2
PDAC0134,False,512.7585260000001,696.37987,22.400000000000002,2
PDAC0134,False,512.7585260000001,480.3,22.400000000000002,2
PDAC0072,True,513.282061,623.4,8.6,2
PDAC0072,True,513.282061,736.5,8.6,2
PDAC0072,True,513.282061,837.5,8.6,2
PDAC0072,False,510.271996,617.37987,8.6,2
PDAC0072,False,510.271996,730.47987,8.6,2
PDAC0072,False,510.271996,831.47987,8.6,2
PDAC0171,True,650.353541,740.4,22.2,2
PDAC0171,True,650.353541,853.5,22.2,2
PDAC0171,True,650.353541,612.4,22.2,2
PDAC0171,False,647.343476,734.37987,22.2,2
PDAC0171,False,647.343476,847.47987,22.2,2
PDAC0171,False,647.343476,606.37987,22.2,2
PDAC0045,True,548.256046,822.4,9.0,2
PDAC0045,True,548.256046,725.4,9.0,2
PDAC0045,True,548.256046,567.3,9.0,2
PDAC0045,False,545.245981,816.37987,9.0,2
PDAC0045,False,545.245981,719.4,9.0,2
PDAC0045,False,545.245981,561.27987,9.0,2
PDAC0177,True,914.438201,793.4,13.2,2
PDAC0177,True,914.438201,1006.5,13.2,2
PDAC0177,True,914.438201,582.3,13.2,2
PDAC0177,True,914.438201,639.296,13.2,2
PDAC0177,True,914.438201,696.296,13.2,2
PDAC0177,True,609.961226,793.4,13.2,3
PDAC0177,True,609.961226,1006.5,13.2,3
PDAC0177,True,609.961226,582.3,13.2,3
PDAC0177,True,609.961226,639.296,13.2,3
PDAC0177,True,609.961226,696.296,13.2,3
PDAC0177,False,607.9545159999999,787.38,13.2,3
PDAC0177,False,607.9545159999999,1000.48,13.2,3
PDAC0177,False,607.9545159999999,576.28,13.2,3
PDAC0177,False,607.9545159999999,633.27587,13.2,3
PDAC0177,False,607.9545159999999,690.27587,13.2,3
PDAC0177,False,911.428136,787.38,13.2,2
PDAC0177,False,911.428136,1000.48,13.2,2
PDAC0177,False,911.428136,576.28,13.2,2
PDAC0177,False,911.428136,633.27587,13.2,2
PDAC0177,False,911.428136,690.27587,13.2,2
PDAC0119,True,1005.509671,908.5,23.7,2
PDAC0119,True,1005.509671,482.3,23.7,2
PDAC0119,True,1005.509671,682.4,23.7,2
PDAC0119,True,670.675539333333,908.5,23.7,3
PDAC0119,True,670.675539333333,482.3,23.7,3
PDAC0119,True,670.675539333333,682.4,23.7,3
PDAC0119,False,1002.4996060000001,902.47987,23.7,2
PDAC0119,False,1002.4996060000001,476.27987,23.7,2
PDAC0119,False,1002.4996060000001,676.37987,23.7,2
PDAC0119,False,668.6688293333333,902.47987,23.7,3
PDAC0119,False,668.6688293333333,476.27987,23.7,3
PDAC0119,False,668.6688293333333,676.37987,23.7,3
PDAC0111,True,860.422536,709.4,18.5,2
PDAC0111,True,860.422536,596.3,18.5,2
PDAC0111,True,860.422536,353.2,18.5,2
PDAC0111,True,573.950782666667,709.4,18.5,3
PDAC0111,True,573.950782666667,596.3,18.5,3
PDAC0111,True,573.950782666667,353.2,18.5,3
PDAC0111,False,857.4124710000001,703.4,18.5,2
PDAC0111,False,857.4124710000001,590.27987,18.5,2
PDAC0111,False,857.4124710000001,347.17987,18.5,2
PDAC0111,False,571.9440726666667,703.4,18.5,3
PDAC0111,False,571.9440726666667,590.27987,18.5,3
PDAC0111,False,571.9440726666667,347.17987,18.5,3
PDAC0046,True,761.421951,1160.7,29.700000000000003,2
PDAC0046,True,761.421951,935.6,29.700000000000003,2
PDAC0046,True,761.421951,423.3,29.700000000000003,2
PDAC0046,False,758.4118860000001,1154.67987,29.700000000000003,2
PDAC0046,False,758.4118860000001,929.6,29.700000000000003,2
PDAC0046,False,758.4118860000001,417.3,29.700000000000003,2
PDAC0103,True,433.257861,594.4,9.7,2
PDAC0103,True,433.257861,707.5,9.7,2
PDAC0103,True,433.257861,481.3,9.7,2
PDAC0103,False,430.247796,588.37987,9.7,2
PDAC0103,False,430.247796,701.47987,9.7,2
PDAC0103,False,430.247796,475.27987,9.7,2
PDAC0099,True,479.792401,607.4,5.9,2
PDAC0099,True,479.792401,493.3,5.9,2
PDAC0099,True,479.792401,720.5,5.9,2
PDAC0099,True,320.197359333333,607.4,5.9,3
PDAC0099,True,320.197359333333,493.3,5.9,3
PDAC0099,True,320.197359333333,720.5,5.9,3
PDAC0099,False,476.782336,601.4,5.9,2
PDAC0099,False,476.782336,487.3,5.9,2
PDAC0099,False,476.782336,714.47987,5.9,2
PDAC0099,False,318.19064933333334,601.4,5.9,3
PDAC0099,False,318.19064933333334,487.3,5.9,3
PDAC0099,False,318.19064933333334,714.47987,5.9,3
PDAC0022,True,784.916696,704.5,11.4,2
PDAC0022,True,784.916696,378.3,11.4,2
PDAC0022,True,784.916696,506.4,11.4,2
PDAC0022,True,523.613556,704.5,11.4,3
PDAC0022,True,523.613556,378.3,11.4,3
PDAC0022,True,523.613556,506.4,11.4,3
PDAC0022,False,781.9066310000001,698.47987,11.4,2
PDAC0022,False,781.9066310000001,372.27987,11.4,2
PDAC0022,False,781.9066310000001,500.37987,11.4,2
PDAC0022,False,521.606846,698.47987,11.4,3
PDAC0022,False,521.606846,372.27987,11.4,3
PDAC0022,False,521.606846,500.37987,11.4,3
PDAC0109,True,582.352481,949.6,28.1,2
PDAC0109,True,582.352481,492.4,28.1,2
PDAC0109,True,582.352481,379.4,28.1,2
PDAC0109,False,579.3424160000001,943.57987,28.1,2
PDAC0109,False,579.3424160000001,486.4,28.1,2
PDAC0109,False,579.3424160000001,373.37987,28.1,2
PDAC0080,True,725.872626,453.3,20.3,2
PDAC0080,True,725.872626,566.4,20.3,2
PDAC0080,True,725.872626,681.4,20.3,2
PDAC0080,True,484.250842666667,453.3,20.3,3
PDAC0080,True,484.250842666667,566.4,20.3,3
PDAC0080,True,484.250842666667,681.4,20.3,3
PDAC0080,False,722.862561,447.27987,20.3,2
PDAC0080,False,722.862561,560.37987,20.3,2
PDAC0080,False,722.862561,675.4,20.3,2
PDAC0080,False,482.24413266666664,447.27987,20.3,3
PDAC0080,False,482.24413266666664,560.37987,20.3,3
PDAC0080,False,482.24413266666664,675.4,20.3,3
PDAC0025,True,416.255121,617.4,4.9,2
PDAC0025,True,416.255121,518.3,4.9,2
PDAC0025,True,416.255121,153.1,4.9,2
PDAC0025,True,277.839172666667,617.4,4.9,3
PDAC0025,True,277.839172666667,518.3,4.9,3
PDAC0025,True,277.839172666667,153.1,4.9,3
PDAC0025,False,413.245056,611.4,4.9,2
PDAC0025,False,413.245056,512.27987,4.9,2
PDAC0025,False,413.245056,147.1,4.9,2
PDAC0025,False,275.8324626666667,611.4,4.9,3
PDAC0025,False,275.8324626666667,512.27987,4.9,3
PDAC0025,False,275.8324626666667,147.1,4.9,3
PDAC0015,True,832.381501,369.2,22.0,2
PDAC0015,True,832.381501,734.3,22.0,2
PDAC0015,True,832.381501,567.3,22.0,2
PDAC0015,True,555.256759333333,369.2,22.0,3
PDAC0015,True,555.256759333333,734.3,22.0,3
PDAC0015,True,555.256759333333,567.3,22.0,3
PDAC0015,False,829.371436,363.2,22.0,2
PDAC0015,False,829.371436,728.27987,22.0,2
PDAC0015,False,829.371436,561.27987,22.0,2
PDAC0015,False,553.2500493333333,363.2,22.0,3
PDAC0015,False,553.2500493333333,728.27987,22.0,3
PDAC0015,False,553.2500493333333,561.27987,22.0,3
PDAC0142,True,447.752941,665.4,6.0,2
PDAC0142,True,447.752941,339.2,6.0,2
PDAC0142,True,447.752941,551.3,6.0,2
PDAC0142,False,444.74287599999997,659.37987,6.0,2
PDAC0142,False,444.74287599999997,333.17987,6.0,2
PDAC0142,False,444.74287599999997,545.27987,6.0,2
PDAC0057,True,703.860866,1071.6,20.5,2
PDAC0057,True,703.860866,417.2,20.5,2
PDAC0057,True,703.860866,530.3,20.5,2
PDAC0057,False,700.850801,1065.6,20.5,2
PDAC0057,False,700.850801,411.17987,20.5,2
PDAC0057,False,700.850801,524.27987,20.5,2
PDAC0040,True,510.805171,820.5,15.0,2
PDAC0040,True,510.805171,707.5,15.0,2
PDAC0040,True,510.805171,578.4,15.0,2
PDAC0040,False,507.795106,814.47987,15.0,2
PDAC0040,False,507.795106,701.47987,15.0,2
PDAC0040,False,507.795106,572.37987,15.0,2
PDAC0026,True,842.430166,337.3,17.900000000000002,2
PDAC0026,True,842.430166,521.4,17.900000000000002,2
PDAC0026,True,842.430166,408.3,17.900000000000002,2
PDAC0026,True,561.955869333333,337.3,17.900000000000002,3
PDAC0026,True,561.955869333333,521.4,17.900000000000002,3
PDAC0026,True,561.955869333333,408.3,17.900000000000002,3
PDAC0026,False,839.420101,331.27987,17.900000000000002,2
PDAC0026,False,839.420101,515.4,17.900000000000002,2
PDAC0026,False,839.420101,402.27987,17.900000000000002,2
PDAC0026,False,559.9491593333333,331.27987,17.900000000000002,3
PDAC0026,False,559.9491593333333,515.4,17.900000000000002,3
PDAC0026,False,559.9491593333333,402.27987,17.900000000000002,3
PDAC0147,True,378.228911,585.3,11.8,2
PDAC0147,True,378.228911,438.3,11.8,2
PDAC0147,True,378.228911,656.4,11.8,2
PDAC0147,False,375.218846,579.27987,11.8,2
PDAC0147,False,375.218846,432.27987,11.8,2
PDAC0147,False,375.218846,650.37987,11.8,2
PDAC0100,True,468.284406,765.5,16.3,2
PDAC0100,True,468.284406,424.3,16.3,2
PDAC0100,True,468.284406,652.4,16.3,2
PDAC0100,False,465.274341,759.47987,16.3,2
PDAC0100,False,465.274341,418.27987,16.3,2
PDAC0100,False,465.274341,646.37987,16.3,2
PDAC0030,True,927.998741,728.5,36.9,2
PDAC0030,True,927.998741,615.4,36.9,2
PDAC0030,True,927.998741,841.6,36.9,2
PDAC0030,True,619.001586,728.5,36.9,3
PDAC0030,True,619.001586,615.4,36.9,3
PDAC0030,True,619.001586,841.6,36.9,3
PDAC0030,False,924.988676,722.47987,36.9,2
PDAC0030,False,924.988676,609.37987,36.9,2
PDAC0030,False,924.988676,835.57987,36.9,2
PDAC0030,False,616.994876,722.47987,36.9,3
PDAC0030,False,616.994876,609.37987,36.9,3
PDAC0030,False,616.994876,835.57987,36.9,3
PDAC0006,True,1069.430631,456.2,6.5,2
PDAC0006,True,1069.430631,623.2,6.5,2
PDAC0006,True,1069.430631,884.3,6.5,2
PDAC0006,True,713.289512666667,456.2,6.5,3
PDAC0006,True,713.289512666667,623.2,6.5,3
PDAC0006,True,713.289512666667,884.3,6.5,3
PDAC0006,False,1066.4205660000002,450.2,6.5,2
PDAC0006,False,1066.4205660000002,617.17987,6.5,2
PDAC0006,False,1066.4205660000002,878.27987,6.5,2
PDAC0006,False,711.2828026666667,450.2,6.5,3
PDAC0006,False,711.2828026666667,617.17987,6.5,3
PDAC0006,False,711.2828026666667,878.27987,6.5,3
PDAC0066,True,843.445621,441.3,36.300000000000004,2
PDAC0066,True,843.445621,588.3,36.300000000000004,2
PDAC0066,True,843.445621,803.4,36.300000000000004,2
PDAC0066,True,562.632839333333,441.3,36.300000000000004,3
PDAC0066,True,562.632839333333,588.3,36.300000000000004,3
PDAC0066,True,562.632839333333,803.4,36.300000000000004,3
PDAC0066,False,840.435556,435.27987,36.300000000000004,2
PDAC0066,False,840.435556,582.27987,36.300000000000004,2
PDAC0066,False,840.435556,797.37987,36.300000000000004,2
PDAC0066,False,560.6261293333333,435.27987,36.300000000000004,3
PDAC0066,False,560.6261293333333,582.27987,36.300000000000004,3
PDAC0066,False,560.6261293333333,797.37987,36.300000000000004,3
PDAC0091,True,706.392331,1183.7,31.0,2
PDAC0091,True,706.392331,413.3,31.0,2
PDAC0091,True,706.392331,484.4,31.0,2
PDAC0091,False,703.3822660000001,1177.67987,31.0,2
PDAC0091,False,703.3822660000001,407.27987,31.0,2
PDAC0091,False,703.3822660000001,478.37987,31.0,2
PDAC0019,True,600.792266,639.3,12.3,2
PDAC0019,True,600.792266,738.4,12.3,2
PDAC0019,True,600.792266,542.2,12.3,2
PDAC0019,False,597.782201,633.27987,12.3,2
PDAC0019,False,597.782201,732.37987,12.3,2
PDAC0019,False,597.782201,536.17987,12.3,2
PDAC0029,True,721.396271,642.4,15.5,2
PDAC0029,True,721.396271,505.4,15.5,2
PDAC0029,True,721.396271,392.3,15.5,2
PDAC0029,True,481.266606,642.4,15.5,3
PDAC0029,True,481.266606,505.4,15.5,3
PDAC0029,True,481.266606,392.3,15.5,3
PDAC0029,False,718.386206,636.37987,15.5,2
PDAC0029,False,718.386206,499.37987,15.5,2
PDAC0029,False,718.386206,386.27987,15.5,2
PDAC0029,False,479.25989599999997,636.37987,15.5,3
PDAC0029,False,479.25989599999997,499.37987,15.5,3
PDAC0029,False,479.25989599999997,386.27987,15.5,3
PDAC0003,True,656.815611,553.3,12.7,2
PDAC0003,True,656.815611,652.4,12.7,2
PDAC0003,True,656.815611,381.2,12.7,2
PDAC0003,False,653.805546,547.3,12.7,2
PDAC0003,False,653.805546,646.4,12.7,2
PDAC0003,False,653.805546,375.17987,12.7,2
PDAC0021,True,458.781501,581.4,12.0,2
PDAC0021,True,458.781501,381.3,12.0,2
PDAC0021,True,458.781501,680.5,12.0,2
PDAC0021,False,455.771436,575.4,12.0,2
PDAC0021,False,455.771436,375.3,12.0,2
PDAC0021,False,455.771436,674.47987,12.0,2
PDAC0154,True,833.906331,805.4,20.6,2
PDAC0154,True,833.906331,417.2,20.6,2
PDAC0154,True,833.906331,619.3,20.6,2
PDAC0154,True,556.273312666667,805.4,20.6,3
PDAC0154,True,556.273312666667,417.2,20.6,3
PDAC0154,True,556.273312666667,619.3,20.6,3
PDAC0154,False,830.8962660000001,799.37987,20.6,2
PDAC0154,False,830.8962660000001,411.17987,20.6,2
PDAC0154,False,830.8962660000001,613.27987,20.6,2
PDAC0154,False,554.2666026666667,799.37987,20.6,3
PDAC0154,False,554.2666026666667,411.17987,20.6,3
PDAC0154,False,554.2666026666667,613.27987,20.6,3
PDAC0180,True,475.3,850.5,15.0,2
PDAC0180,True,475.3,736.5,15.0,2
PDAC0180,True,475.3,379.3,15.0,2
PDAC0180,False,472.276551,844.47987,15.0,2
PDAC0180,False,472.276551,730.47987,15.0,2
PDAC0180,False,472.276551,373.27987,15.0,2
PDAC0079,True,635.337026,413.3,24.3,2
PDAC0079,True,635.337026,613.5,24.3,2
PDAC0079,True,635.337026,500.4,24.3,2
PDAC0079,False,632.3269610000001,407.3,24.3,2
PDAC0079,False,632.3269610000001,607.5,24.3,2
PDAC0079,False,632.3269610000001,494.37987,24.3,2
PDAC0200,True,546.331356,748.5,23.5,2
PDAC0200,True,546.331356,895.5,23.5,2
PDAC0200,True,546.331356,651.4,23.5,2
PDAC0200,False,543.3212910000001,742.47987,23.5,2
PDAC0200,False,543.3212910000001,889.47987,23.5,2
PDAC0200,False,543.3212910000001,645.37987,23.5,2
PDAC0065,True,656.366116,452.2,24.7,2
PDAC0065,True,656.366116,870.5,24.7,2
PDAC0065,True,656.366116,565.3,24.7,2
PDAC0065,False,653.3560510000001,446.17987,24.7,2
PDAC0065,False,653.3560510000001,864.47987,24.7,2
PDAC0065,False,653.3560510000001,559.27987,24.7,2
PDAC0063,True,654.822271,636.4,11.1,2
PDAC0063,True,654.822271,1110.5,11.1,2
PDAC0063,True,654.822271,424.2,11.1,2
PDAC0063,True,436.883939333333,636.4,11.1,3
PDAC0063,True,436.883939333333,1110.5,11.1,3
PDAC0063,True,436.883939333333,424.2,11.1,3
PDAC0063,False,651.8122060000001,630.4,11.1,2
PDAC0063,False,651.8122060000001,1104.47987,11.1,2
PDAC0063,False,651.8122060000001,418.17987,11.1,2
PDAC0063,False,434.87722933333333,630.4,11.1,3
PDAC0063,False,434.87722933333333,1104.47987,11.1,3
PDAC0063,False,434.87722933333333,418.17987,11.1,3
PDAC0152,True,532.326271,639.3,16.3,2
PDAC0152,True,532.326271,865.5,16.3,2
PDAC0152,True,532.326271,752.4,16.3,2
PDAC0152,False,529.3162060000001,633.27987,16.3,2
PDAC0152,False,529.3162060000001,859.47987,16.3,2
PDAC0152,False,529.3162060000001,746.37987,16.3,2
PDAC0067,True,485.758026,468.3,13.2,2
PDAC0067,True,485.758026,784.4,13.2,2
PDAC0067,True,485.758026,397.3,13.2,2
PDAC0067,False,482.747961,462.3,13.2,2
PDAC0067,False,482.747961,778.37987,13.2,2
PDAC0067,False,482.747961,391.27987,13.2,2
PDAC0082,True,496.724381,714.4,6.0,2
PDAC0082,True,496.724381,456.3,6.0,2
PDAC0082,True,496.724381,829.4,6.0,2
PDAC0082,False,493.714316,708.37987,6.0,2
PDAC0082,False,493.714316,450.27987,6.0,2
PDAC0082,False,493.714316,823.4,6.0,2
PDAC0112,True,664.868826,735.5,28.700000000000003,2
PDAC0112,True,664.868826,848.5,28.700000000000003,2
PDAC0112,True,664.868826,961.6,28.700000000000003,2
PDAC0112,False,661.8587610000001,729.47987,28.700000000000003,2
PDAC0112,False,661.8587610000001,842.47987,28.700000000000003,2
PDAC0112,False,661.8587610000001,955.6,28.700000000000003,2
PDAC0071,True,539.299721,801.4,21.8,2
PDAC0071,True,539.299721,730.4,21.8,2
PDAC0071,True,539.299721,367.3,21.8,2
PDAC0071,False,536.289656,795.37987,21.8,2
PDAC0071,False,536.289656,724.37987,21.8,2
PDAC0071,False,536.289656,361.27987,21.8,2
PDAC0148,True,629.834651,967.6,12.7,2
PDAC0148,True,629.834651,797.5,12.7,2
PDAC0148,True,629.834651,896.6,12.7,2
PDAC0148,False,626.8245860000001,961.57987,12.7,2
PDAC0148,False,626.8245860000001,791.47987,12.7,2
PDAC0148,False,626.8245860000001,890.57987,12.7,2
PDAC0085,True,731.369386,500.3,16.900000000000002,2
PDAC0085,True,731.369386,371.3,16.900000000000002,2
PDAC0085,True,731.369386,613.4,16.900000000000002,2
PDAC0085,True,487.915349333333,500.3,16.900000000000002,3
PDAC0085,True,487.915349333333,371.3,16.900000000000002,3
PDAC0085,True,487.915349333333,613.4,16.900000000000002,3
PDAC0085,False,728.359321,494.27987,16.900000000000002,2
PDAC0085,False,728.359321,365.27987,16.900000000000002,2
PDAC0085,False,728.359321,607.4,16.900000000000002,2
PDAC0085,False,485.90863933333327,494.27987,16.900000000000002,3
PDAC0085,False,485.90863933333327,365.27987,16.900000000000002,3
PDAC0085,False,485.90863933333327,607.4,16.900000000000002,3
PDAC0047,True,457.257861,651.4,5.6,2
PDAC0047,True,457.257861,750.5,5.6,2
PDAC0047,True,457.257861,523.4,5.6,2
PDAC0047,False,454.247796,645.37987,5.6,2
PDAC0047,False,454.247796,744.5,5.6,2
PDAC0047,False,454.247796,517.37987,5.6,2
